;0;Code;Colorcode;Unnamed: 0;aantal;beeld
0;202011726_inschiet_baan_1 | 14500 etiketten;;;;;
0;;8720195286349.0;900810000100 | labels tbv 0810000100;0.0;500.0;202011726_layout_1.pdf
1;;8720195286349.0;900810000100 | labels tbv 0810000100;1.0;500.0;202011726_layout_1.pdf
2;;8720195286349.0;900810000100 | labels tbv 0810000100;2.0;500.0;202011726_layout_1.pdf
3;;8720195286349.0;900810000100 | labels tbv 0810000100;3.0;500.0;202011726_layout_1.pdf
4;;8720195286349.0;900810000100 | labels tbv 0810000100;4.0;500.0;202011726_layout_1.pdf
5;;8720195286349.0;900810000100 | labels tbv 0810000100;5.0;500.0;202011726_layout_1.pdf
6;;8720195286349.0;900810000100 | labels tbv 0810000100;6.0;500.0;202011726_layout_1.pdf
7;;8720195286349.0;900810000100 | labels tbv 0810000100;7.0;500.0;202011726_layout_1.pdf
8;;8720195286349.0;900810000100 | labels tbv 0810000100;8.0;500.0;202011726_layout_1.pdf
9;;8720195286349.0;900810000100 | labels tbv 0810000100;9.0;500.0;202011726_layout_1.pdf
10;;8720195286349.0;900810000100 | labels tbv 0810000100;10.0;500.0;202011726_layout_1.pdf
11;;8720195286349.0;900810000100 | labels tbv 0810000100;11.0;500.0;202011726_layout_1.pdf
12;;8720195286349.0;900810000100 | labels tbv 0810000100;12.0;500.0;202011726_layout_1.pdf
13;;8720195286349.0;900810000100 | labels tbv 0810000100;13.0;500.0;202011726_layout_1.pdf
14;;8720195286356.0;900810000200 | labels tbv 0810000200;14.0;500.0;202011726_layout_2.pdf
15;;8720195286356.0;900810000200 | labels tbv 0810000200;15.0;500.0;202011726_layout_2.pdf
16;;8720195286356.0;900810000200 | labels tbv 0810000200;16.0;500.0;202011726_layout_2.pdf
17;;8720195286356.0;900810000200 | labels tbv 0810000200;17.0;500.0;202011726_layout_2.pdf
18;;8720195286356.0;900810000200 | labels tbv 0810000200;18.0;500.0;202011726_layout_2.pdf
19;;8720195286356.0;900810000200 | labels tbv 0810000200;19.0;500.0;202011726_layout_2.pdf
20;;8720195286356.0;900810000200 | labels tbv 0810000200;20.0;500.0;202011726_layout_2.pdf
21;;8720195286356.0;900810000200 | labels tbv 0810000200;21.0;500.0;202011726_layout_2.pdf
22;;8720195286356.0;900810000200 | labels tbv 0810000200;22.0;500.0;202011726_layout_2.pdf
23;;8720195286356.0;900810000200 | labels tbv 0810000200;23.0;500.0;202011726_layout_2.pdf
24;;8720195286356.0;900810000200 | labels tbv 0810000200;24.0;500.0;202011726_layout_2.pdf
25;;8720195286356.0;900810000200 | labels tbv 0810000200;25.0;500.0;202011726_layout_2.pdf
26;;8720195286356.0;900810000200 | labels tbv 0810000200;26.0;500.0;202011726_layout_2.pdf
27;;8720195286356.0;900810000200 | labels tbv 0810000200;27.0;500.0;202011726_layout_2.pdf
28;;8720195286356.0;900810000200 | labels tbv 0810000200;28.0;500.0;202011726_layout_2.pdf
0;202011726_inschiet_baan_2 | 14500 etiketten;;;;;
0;;8720195286356.0;900810000200 | labels tbv 0810000200;29.0;500.0;202011726_layout_2.pdf
1;;8720195286356.0;900810000200 | labels tbv 0810000200;30.0;500.0;202011726_layout_2.pdf
2;;8720195286356.0;900810000200 | labels tbv 0810000200;31.0;500.0;202011726_layout_2.pdf
3;;8720195286356.0;900810000200 | labels tbv 0810000200;32.0;500.0;202011726_layout_2.pdf
4;;8720195286356.0;900810000200 | labels tbv 0810000200;33.0;500.0;202011726_layout_2.pdf
5;;8720195286356.0;900810000200 | labels tbv 0810000200;34.0;500.0;202011726_layout_2.pdf
6;;8720195286356.0;900810000200 | labels tbv 0810000200;35.0;500.0;202011726_layout_2.pdf
7;;8720195286356.0;900810000200 | labels tbv 0810000200;36.0;500.0;202011726_layout_2.pdf
8;;8720195286356.0;900810000200 | labels tbv 0810000200;37.0;500.0;202011726_layout_2.pdf
9;;8720195286356.0;900810000200 | labels tbv 0810000200;38.0;500.0;202011726_layout_2.pdf
10;;8720195286356.0;900810000200 | labels tbv 0810000200;39.0;500.0;202011726_layout_2.pdf
11;;8720195286356.0;900810000200 | labels tbv 0810000200;40.0;500.0;202011726_layout_2.pdf
12;;8720195286356.0;900810000200 | labels tbv 0810000200;41.0;500.0;202011726_layout_2.pdf
13;;8720195286356.0;900810000200 | labels tbv 0810000200;42.0;500.0;202011726_layout_2.pdf
14;;8720195286356.0;900810000200 | labels tbv 0810000200;43.0;500.0;202011726_layout_2.pdf
15;;8720195286356.0;900810000200 | labels tbv 0810000200;44.0;500.0;202011726_layout_2.pdf
16;;8720195286356.0;900810000200 | labels tbv 0810000200;45.0;500.0;202011726_layout_2.pdf
17;;8720195286356.0;900810000200 | labels tbv 0810000200;46.0;500.0;202011726_layout_2.pdf
18;;8720195286356.0;900810000200 | labels tbv 0810000200;47.0;500.0;202011726_layout_2.pdf
19;;8720195286356.0;900810000200 | labels tbv 0810000200;48.0;500.0;202011726_layout_2.pdf
20;;8720195286356.0;900810000200 | labels tbv 0810000200;49.0;500.0;202011726_layout_2.pdf
21;;8720195286356.0;900810000200 | labels tbv 0810000200;50.0;500.0;202011726_layout_2.pdf
22;;8720195286356.0;900810000200 | labels tbv 0810000200;51.0;500.0;202011726_layout_2.pdf
23;;8720195286356.0;900810000200 | labels tbv 0810000200;52.0;500.0;202011726_layout_2.pdf
24;;8720195286356.0;900810000200 | labels tbv 0810000200;53.0;500.0;202011726_layout_2.pdf
25;;8720195286356.0;900810000200 | labels tbv 0810000200;54.0;500.0;202011726_layout_2.pdf
26;;8720195286356.0;900810000200 | labels tbv 0810000200;55.0;500.0;202011726_layout_2.pdf
27;;8720195286356.0;900810000200 | labels tbv 0810000200;56.0;500.0;202011726_layout_2.pdf
28;;8720195286356.0;900810000200 | labels tbv 0810000200;57.0;500.0;202011726_layout_2.pdf
0;202011726_inschiet_baan_3 | 14500 etiketten;;;;;
0;;8720195286356.0;900810000200 | labels tbv 0810000200;58.0;500.0;202011726_layout_2.pdf
1;;8720195286356.0;900810000200 | labels tbv 0810000200;59.0;500.0;202011726_layout_2.pdf
2;;8720195286356.0;900810000200 | labels tbv 0810000200;60.0;500.0;202011726_layout_2.pdf
3;;8720195286356.0;900810000200 | labels tbv 0810000200;61.0;500.0;202011726_layout_2.pdf
4;;8720195286356.0;900810000200 | labels tbv 0810000200;62.0;500.0;202011726_layout_2.pdf
5;;8720195286356.0;900810000200 | labels tbv 0810000200;63.0;500.0;202011726_layout_2.pdf
6;;8720195286356.0;900810000200 | labels tbv 0810000200;64.0;500.0;202011726_layout_2.pdf
7;;8720195286356.0;900810000200 | labels tbv 0810000200;65.0;500.0;202011726_layout_2.pdf
8;;8720195286356.0;900810000200 | labels tbv 0810000200;66.0;500.0;202011726_layout_2.pdf
9;;8720195286356.0;900810000200 | labels tbv 0810000200;67.0;500.0;202011726_layout_2.pdf
10;;8720195286363.0;900810000300 | labels tbv 0810000300;68.0;500.0;202011726_layout_3.pdf
11;;8720195286363.0;900810000300 | labels tbv 0810000300;69.0;500.0;202011726_layout_3.pdf
12;;8720195286363.0;900810000300 | labels tbv 0810000300;70.0;500.0;202011726_layout_3.pdf
13;;8720195286363.0;900810000300 | labels tbv 0810000300;71.0;500.0;202011726_layout_3.pdf
14;;8720195286363.0;900810000300 | labels tbv 0810000300;72.0;500.0;202011726_layout_3.pdf
15;;8720195286363.0;900810000300 | labels tbv 0810000300;73.0;500.0;202011726_layout_3.pdf
16;;8720195286363.0;900810000300 | labels tbv 0810000300;74.0;500.0;202011726_layout_3.pdf
17;;8720195286363.0;900810000300 | labels tbv 0810000300;75.0;500.0;202011726_layout_3.pdf
18;;8720195286363.0;900810000300 | labels tbv 0810000300;76.0;500.0;202011726_layout_3.pdf
19;;8720195286363.0;900810000300 | labels tbv 0810000300;77.0;500.0;202011726_layout_3.pdf
20;;8720195286363.0;900810000300 | labels tbv 0810000300;78.0;500.0;202011726_layout_3.pdf
21;;8720195286363.0;900810000300 | labels tbv 0810000300;79.0;500.0;202011726_layout_3.pdf
22;;8720195286363.0;900810000300 | labels tbv 0810000300;80.0;500.0;202011726_layout_3.pdf
23;;8720195286363.0;900810000300 | labels tbv 0810000300;81.0;500.0;202011726_layout_3.pdf
24;;8720195286363.0;900810000300 | labels tbv 0810000300;82.0;500.0;202011726_layout_3.pdf
25;;8720195286363.0;900810000300 | labels tbv 0810000300;83.0;500.0;202011726_layout_3.pdf
26;;8720195286363.0;900810000300 | labels tbv 0810000300;84.0;500.0;202011726_layout_3.pdf
27;;8720195286363.0;900810000300 | labels tbv 0810000300;85.0;500.0;202011726_layout_3.pdf
28;;8720195286363.0;900810000300 | labels tbv 0810000300;86.0;500.0;202011726_layout_3.pdf
0;202011726_inschiet_baan_4 | 14500 etiketten;;;;;
0;;8720195286363.0;900810000300 | labels tbv 0810000300;87.0;500.0;202011726_layout_3.pdf
1;;8720195286363.0;900810000300 | labels tbv 0810000300;88.0;500.0;202011726_layout_3.pdf
2;;8720195286363.0;900810000300 | labels tbv 0810000300;89.0;500.0;202011726_layout_3.pdf
3;;8720195286363.0;900810000300 | labels tbv 0810000300;90.0;500.0;202011726_layout_3.pdf
4;;8720195286363.0;900810000300 | labels tbv 0810000300;91.0;500.0;202011726_layout_3.pdf
5;;8720195286363.0;900810000300 | labels tbv 0810000300;92.0;500.0;202011726_layout_3.pdf
6;;8720195286363.0;900810000300 | labels tbv 0810000300;93.0;500.0;202011726_layout_3.pdf
7;;8720195286363.0;900810000300 | labels tbv 0810000300;94.0;500.0;202011726_layout_3.pdf
8;;8720195286363.0;900810000300 | labels tbv 0810000300;95.0;500.0;202011726_layout_3.pdf
9;;8720195286363.0;900810000300 | labels tbv 0810000300;96.0;500.0;202011726_layout_3.pdf
10;;8720195286363.0;900810000300 | labels tbv 0810000300;97.0;500.0;202011726_layout_3.pdf
11;;8720195286363.0;900810000300 | labels tbv 0810000300;98.0;500.0;202011726_layout_3.pdf
12;;8720195286363.0;900810000300 | labels tbv 0810000300;99.0;500.0;202011726_layout_3.pdf
13;;8720195286363.0;900810000300 | labels tbv 0810000300;100.0;500.0;202011726_layout_3.pdf
14;;8720195286363.0;900810000300 | labels tbv 0810000300;101.0;500.0;202011726_layout_3.pdf
15;;8720195286363.0;900810000300 | labels tbv 0810000300;102.0;500.0;202011726_layout_3.pdf
16;;8720195286363.0;900810000300 | labels tbv 0810000300;103.0;500.0;202011726_layout_3.pdf
17;;8720195286363.0;900810000300 | labels tbv 0810000300;104.0;500.0;202011726_layout_3.pdf
18;;8720195286363.0;900810000300 | labels tbv 0810000300;105.0;500.0;202011726_layout_3.pdf
19;;8720195286363.0;900810000300 | labels tbv 0810000300;106.0;500.0;202011726_layout_3.pdf
20;;8720195286363.0;900810000300 | labels tbv 0810000300;107.0;500.0;202011726_layout_3.pdf
21;;8720195286370.0;900810000400 | labels tbv 0810000400;108.0;500.0;202011726_layout_4.pdf
22;;8720195286370.0;900810000400 | labels tbv 0810000400;109.0;500.0;202011726_layout_4.pdf
23;;8720195286370.0;900810000400 | labels tbv 0810000400;110.0;500.0;202011726_layout_4.pdf
24;;8720195286370.0;900810000400 | labels tbv 0810000400;111.0;500.0;202011726_layout_4.pdf
25;;8720195286387.0;900810000500 | labels tbv 0810000500;112.0;500.0;202011726_layout_5.pdf
26;;8720195286387.0;900810000500 | labels tbv 0810000500;113.0;500.0;202011726_layout_5.pdf
27;;8720195286387.0;900810000500 | labels tbv 0810000500;114.0;500.0;202011726_layout_5.pdf
28;;8720195286387.0;900810000500 | labels tbv 0810000500;115.0;500.0;202011726_layout_5.pdf
0;202011726_inschiet_baan_5 | 14500 etiketten;;;;;
0;;8720195286387.0;900810000500 | labels tbv 0810000500;116.0;500.0;202011726_layout_5.pdf
1;;8720195286387.0;900810000500 | labels tbv 0810000500;117.0;500.0;202011726_layout_5.pdf
2;;8720195286387.0;900810000500 | labels tbv 0810000500;118.0;500.0;202011726_layout_5.pdf
3;;8720195286387.0;900810000500 | labels tbv 0810000500;119.0;500.0;202011726_layout_5.pdf
4;;8720195286387.0;900810000500 | labels tbv 0810000500;120.0;500.0;202011726_layout_5.pdf
5;;8720195286387.0;900810000500 | labels tbv 0810000500;121.0;500.0;202011726_layout_5.pdf
6;;8720195286387.0;900810000500 | labels tbv 0810000500;122.0;500.0;202011726_layout_5.pdf
7;;8720195286387.0;900810000500 | labels tbv 0810000500;123.0;500.0;202011726_layout_5.pdf
8;;8720195286387.0;900810000500 | labels tbv 0810000500;124.0;500.0;202011726_layout_5.pdf
9;;8720195286387.0;900810000500 | labels tbv 0810000500;125.0;500.0;202011726_layout_5.pdf
10;;8720195286394.0;900810000600 | labels tbv 0810000600;126.0;500.0;202011726_layout_6.pdf
11;;8720195286394.0;900810000600 | labels tbv 0810000600;127.0;500.0;202011726_layout_6.pdf
12;;8720195286394.0;900810000600 | labels tbv 0810000600;128.0;500.0;202011726_layout_6.pdf
13;;8720195286394.0;900810000600 | labels tbv 0810000600;129.0;500.0;202011726_layout_6.pdf
14;;8720195286394.0;900810000600 | labels tbv 0810000600;130.0;500.0;202011726_layout_6.pdf
15;;8720195286394.0;900810000600 | labels tbv 0810000600;131.0;500.0;202011726_layout_6.pdf
16;;8720195286394.0;900810000600 | labels tbv 0810000600;132.0;500.0;202011726_layout_6.pdf
17;;8720195286394.0;900810000600 | labels tbv 0810000600;133.0;500.0;202011726_layout_6.pdf
18;;8720195286394.0;900810000600 | labels tbv 0810000600;134.0;500.0;202011726_layout_6.pdf
19;;8720195286394.0;900810000600 | labels tbv 0810000600;135.0;500.0;202011726_layout_6.pdf
20;;8720195286394.0;900810000600 | labels tbv 0810000600;136.0;500.0;202011726_layout_6.pdf
21;;8720195286394.0;900810000600 | labels tbv 0810000600;137.0;500.0;202011726_layout_6.pdf
22;;8720195286394.0;900810000600 | labels tbv 0810000600;138.0;500.0;202011726_layout_6.pdf
23;;8720195286394.0;900810000600 | labels tbv 0810000600;139.0;500.0;202011726_layout_6.pdf
24;;8720195286394.0;900810000600 | labels tbv 0810000600;140.0;500.0;202011726_layout_6.pdf
25;;8720195286394.0;900810000600 | labels tbv 0810000600;141.0;500.0;202011726_layout_6.pdf
26;;8720195286394.0;900810000600 | labels tbv 0810000600;142.0;500.0;202011726_layout_6.pdf
27;;8720195286394.0;900810000600 | labels tbv 0810000600;143.0;500.0;202011726_layout_6.pdf
28;;8720195286394.0;900810000600 | labels tbv 0810000600;144.0;500.0;202011726_layout_6.pdf
0;202011726_inschiet_baan_6 | 14500 etiketten;;;;;
0;;8720195286394.0;900810000600 | labels tbv 0810000600;145.0;500.0;202011726_layout_6.pdf
1;;8720195286394.0;900810000600 | labels tbv 0810000600;146.0;500.0;202011726_layout_6.pdf
2;;8720195286394.0;900810000600 | labels tbv 0810000600;147.0;500.0;202011726_layout_6.pdf
3;;8720195286394.0;900810000600 | labels tbv 0810000600;148.0;500.0;202011726_layout_6.pdf
4;;8720195286394.0;900810000600 | labels tbv 0810000600;149.0;500.0;202011726_layout_6.pdf
5;;8720195286394.0;900810000600 | labels tbv 0810000600;150.0;500.0;202011726_layout_6.pdf
6;;8720195286394.0;900810000600 | labels tbv 0810000600;151.0;500.0;202011726_layout_6.pdf
7;;8720195286394.0;900810000600 | labels tbv 0810000600;152.0;500.0;202011726_layout_6.pdf
8;;8720195286394.0;900810000600 | labels tbv 0810000600;153.0;500.0;202011726_layout_6.pdf
9;;8720195286400.0;900850000050 | labels tbv 0850000050;154.0;500.0;202011726_layout_7.pdf
10;;8720195286400.0;900850000050 | labels tbv 0850000050;155.0;500.0;202011726_layout_7.pdf
11;;8720195286400.0;900850000050 | labels tbv 0850000050;156.0;500.0;202011726_layout_7.pdf
12;;8720195286400.0;900850000050 | labels tbv 0850000050;157.0;500.0;202011726_layout_7.pdf
13;;8720195286417.0;900910003000 | labels tbv 0910003000;158.0;500.0;202011726_layout_8.pdf
14;;8720195286417.0;900910003000 | labels tbv 0910003000;159.0;500.0;202011726_layout_8.pdf
15;;8720195286417.0;900910003000 | labels tbv 0910003000;160.0;500.0;202011726_layout_8.pdf
16;;8720195286417.0;900910003000 | labels tbv 0910003000;161.0;500.0;202011726_layout_8.pdf
17;;8720195286417.0;900910003000 | labels tbv 0910003000;162.0;500.0;202011726_layout_8.pdf
18;;8720195286417.0;900910003000 | labels tbv 0910003000;163.0;500.0;202011726_layout_8.pdf
19;;8720195286424.0;900910005010 | labels tbv 0910005010;164.0;500.0;202011726_layout_9.pdf
20;;8720195286424.0;900910005010 | labels tbv 0910005010;165.0;500.0;202011726_layout_9.pdf
21;;8720195286424.0;900910005010 | labels tbv 0910005010;166.0;500.0;202011726_layout_9.pdf
22;;8720195286424.0;900910005010 | labels tbv 0910005010;167.0;500.0;202011726_layout_9.pdf
23;;8720195286431.0;900910005020 | labels tbv 0910005020;168.0;500.0;202011726_layout_10.pdf
24;;8720195286431.0;900910005020 | labels tbv 0910005020;169.0;500.0;202011726_layout_10.pdf
25;;8720195286431.0;900910005020 | labels tbv 0910005020;170.0;500.0;202011726_layout_10.pdf
26;;8720195286431.0;900910005020 | labels tbv 0910005020;171.0;500.0;202011726_layout_10.pdf
27;;8720195286448.0;900910005030 | labels tbv 0910005030;172.0;500.0;202011726_layout_11.pdf
28;;8720195286448.0;900910005030 | labels tbv 0910005030;173.0;500.0;202011726_layout_11.pdf
0;202011726_inschiet_baan_7 | 14500 etiketten;;;;;
0;;8720195286455.0;900910005050 | labels tbv 0910005050;174.0;500.0;202011726_layout_12.pdf
1;;8720195286455.0;900910005050 | labels tbv 0910005050;175.0;500.0;202011726_layout_12.pdf
2;;8720195286462.0;900910006000 | labels tbv 0910006000;176.0;500.0;202011726_layout_13.pdf
3;;8720195286462.0;900910006000 | labels tbv 0910006000;177.0;500.0;202011726_layout_13.pdf
4;;8720195286462.0;900910006000 | labels tbv 0910006000;178.0;500.0;202011726_layout_13.pdf
5;;8720195286462.0;900910006000 | labels tbv 0910006000;179.0;500.0;202011726_layout_13.pdf
6;;8720195286462.0;900910006000 | labels tbv 0910006000;180.0;500.0;202011726_layout_13.pdf
7;;8720195286462.0;900910006000 | labels tbv 0910006000;181.0;500.0;202011726_layout_13.pdf
8;;8720195286462.0;900910006000 | labels tbv 0910006000;182.0;500.0;202011726_layout_13.pdf
9;;8720195286462.0;900910006000 | labels tbv 0910006000;183.0;500.0;202011726_layout_13.pdf
10;;8720195286462.0;900910006000 | labels tbv 0910006000;184.0;500.0;202011726_layout_13.pdf
11;;8720195286462.0;900910006000 | labels tbv 0910006000;185.0;500.0;202011726_layout_13.pdf
12;;8720195286462.0;900910006000 | labels tbv 0910006000;186.0;500.0;202011726_layout_13.pdf
13;;8720195286462.0;900910006000 | labels tbv 0910006000;187.0;500.0;202011726_layout_13.pdf
14;;8720195286462.0;900910006000 | labels tbv 0910006000;188.0;500.0;202011726_layout_13.pdf
15;;8720195286462.0;900910006000 | labels tbv 0910006000;189.0;500.0;202011726_layout_13.pdf
16;;8720195286462.0;900910006000 | labels tbv 0910006000;190.0;500.0;202011726_layout_13.pdf
17;;8720195286462.0;900910006000 | labels tbv 0910006000;191.0;500.0;202011726_layout_13.pdf
18;;8720195286462.0;900910006000 | labels tbv 0910006000;192.0;500.0;202011726_layout_13.pdf
19;;8720195286462.0;900910006000 | labels tbv 0910006000;193.0;500.0;202011726_layout_13.pdf
20;;8720195286462.0;900910006000 | labels tbv 0910006000;194.0;500.0;202011726_layout_13.pdf
21;;8720195286462.0;900910006000 | labels tbv 0910006000;195.0;500.0;202011726_layout_13.pdf
22;;8720195286479.0;900910006100 | labels tbv 0910006100;196.0;500.0;202011726_layout_14.pdf
23;;8720195286479.0;900910006100 | labels tbv 0910006100;197.0;500.0;202011726_layout_14.pdf
24;;8720195286479.0;900910006100 | labels tbv 0910006100;198.0;500.0;202011726_layout_14.pdf
25;;8720195286479.0;900910006100 | labels tbv 0910006100;199.0;500.0;202011726_layout_14.pdf
26;;8720195286486.0;900910020500 | labels tbv 0910020500;200.0;500.0;202011726_layout_15.pdf
27;;8720195286486.0;900910020500 | labels tbv 0910020500;201.0;500.0;202011726_layout_15.pdf
28;;8720195286486.0;900910020500 | labels tbv 0910020500;202.0;500.0;202011726_layout_15.pdf
0;202011726_inschiet_baan_8 | 14500 etiketten;;;;;
0;;8720195286486.0;900910020500 | labels tbv 0910020500;203.0;500.0;202011726_layout_15.pdf
1;;8720195286486.0;900910020500 | labels tbv 0910020500;204.0;500.0;202011726_layout_15.pdf
2;;8720195286486.0;900910020500 | labels tbv 0910020500;205.0;500.0;202011726_layout_15.pdf
3;;8720195286493.0;900910020501 | labels tbv 0910020501;206.0;500.0;202011726_layout_16.pdf
4;;8720195286493.0;900910020501 | labels tbv 0910020501;207.0;500.0;202011726_layout_16.pdf
5;;8720195286509.0;900990003000 | labels tbv 0990003000;208.0;500.0;202011726_layout_17.pdf
6;;8720195286509.0;900990003000 | labels tbv 0990003000;209.0;500.0;202011726_layout_17.pdf
7;;8720195286509.0;900990003000 | labels tbv 0990003000;210.0;500.0;202011726_layout_17.pdf
8;;8720195286509.0;900990003000 | labels tbv 0990003000;211.0;500.0;202011726_layout_17.pdf
9;;8720195286516.0;900990004000 | labels tbv 0990004000;212.0;500.0;202011726_layout_18.pdf
10;;8720195286516.0;900990004000 | labels tbv 0990004000;213.0;500.0;202011726_layout_18.pdf
11;;8720195286523.0;900990005010 | labels tbv 0990005010;214.0;500.0;202011726_layout_19.pdf
12;;8720195286523.0;900990005010 | labels tbv 0990005010;215.0;500.0;202011726_layout_19.pdf
13;;8720195286523.0;900990005010 | labels tbv 0990005010;216.0;500.0;202011726_layout_19.pdf
14;;8720195286523.0;900990005010 | labels tbv 0990005010;217.0;500.0;202011726_layout_19.pdf
15;;8720195286523.0;900990005010 | labels tbv 0990005010;218.0;500.0;202011726_layout_19.pdf
16;;8720195286523.0;900990005010 | labels tbv 0990005010;219.0;500.0;202011726_layout_19.pdf
17;;8720195286523.0;900990005010 | labels tbv 0990005010;220.0;500.0;202011726_layout_19.pdf
18;;8720195286523.0;900990005010 | labels tbv 0990005010;221.0;500.0;202011726_layout_19.pdf
19;;8720195286530.0;900990005020 | labels tbv 0990005020;222.0;500.0;202011726_layout_20.pdf
20;;8720195286530.0;900990005020 | labels tbv 0990005020;223.0;500.0;202011726_layout_20.pdf
21;;8720195286530.0;900990005020 | labels tbv 0990005020;224.0;500.0;202011726_layout_20.pdf
22;;8720195286530.0;900990005020 | labels tbv 0990005020;225.0;500.0;202011726_layout_20.pdf
23;;8720195286530.0;900990005020 | labels tbv 0990005020;226.0;500.0;202011726_layout_20.pdf
24;;8720195286530.0;900990005020 | labels tbv 0990005020;227.0;500.0;202011726_layout_20.pdf
25;;8720195286547.0;900990005030 | labels tbv 0990005030;228.0;500.0;202011726_layout_21.pdf
26;;8720195286547.0;900990005030 | labels tbv 0990005030;229.0;500.0;202011726_layout_21.pdf
27;;8720195286547.0;900990005030 | labels tbv 0990005030;230.0;500.0;202011726_layout_21.pdf
28;;8720195286547.0;900990005030 | labels tbv 0990005030;231.0;500.0;202011726_layout_21.pdf
0;202011726_inschiet_baan_9 | 14500 etiketten;;;;;
0;;8720195286547.0;900990005030 | labels tbv 0990005030;232.0;500.0;202011726_layout_21.pdf
1;;8720195286547.0;900990005030 | labels tbv 0990005030;233.0;500.0;202011726_layout_21.pdf
2;;8720195286554.0;900990005050 | labels tbv 0990005050;234.0;500.0;202011726_layout_22.pdf
3;;8720195286554.0;900990005050 | labels tbv 0990005050;235.0;500.0;202011726_layout_22.pdf
4;;8720195286554.0;900990005050 | labels tbv 0990005050;236.0;500.0;202011726_layout_22.pdf
5;;8720195286554.0;900990005050 | labels tbv 0990005050;237.0;500.0;202011726_layout_22.pdf
6;;8720195286561.0;900990005060 | labels tbv 0990005060;238.0;500.0;202011726_layout_23.pdf
7;;8720195286561.0;900990005060 | labels tbv 0990005060;239.0;500.0;202011726_layout_23.pdf
8;;8720195286578.0;900990005070 | labels tbv 0990005070;240.0;500.0;202011726_layout_24.pdf
9;;8720195286578.0;900990005070 | labels tbv 0990005070;241.0;500.0;202011726_layout_24.pdf
10;;8720195286585.0;900990006000 | labels tbv 0990006000;242.0;500.0;202011726_layout_25.pdf
11;;8720195286585.0;900990006000 | labels tbv 0990006000;243.0;500.0;202011726_layout_25.pdf
12;;8720195286585.0;900990006000 | labels tbv 0990006000;244.0;500.0;202011726_layout_25.pdf
13;;8720195286585.0;900990006000 | labels tbv 0990006000;245.0;500.0;202011726_layout_25.pdf
14;;8720195286585.0;900990006000 | labels tbv 0990006000;246.0;500.0;202011726_layout_25.pdf
15;;8720195286585.0;900990006000 | labels tbv 0990006000;247.0;500.0;202011726_layout_25.pdf
16;;8720195286585.0;900990006000 | labels tbv 0990006000;248.0;500.0;202011726_layout_25.pdf
17;;8720195286585.0;900990006000 | labels tbv 0990006000;249.0;500.0;202011726_layout_25.pdf
18;;8720195286592.0;900990006100 | labels tbv 0990006100;250.0;500.0;202011726_layout_26.pdf
19;;8720195286592.0;900990006100 | labels tbv 0990006100;251.0;500.0;202011726_layout_26.pdf
20;;8720195286592.0;900990006100 | labels tbv 0990006100;252.0;500.0;202011726_layout_26.pdf
21;;8720195286592.0;900990006100 | labels tbv 0990006100;253.0;500.0;202011726_layout_26.pdf
22;;8720195286592.0;900990006100 | labels tbv 0990006100;254.0;500.0;202011726_layout_26.pdf
23;;8720195286592.0;900990006100 | labels tbv 0990006100;255.0;500.0;202011726_layout_26.pdf
24;;8720195286592.0;900990006100 | labels tbv 0990006100;256.0;500.0;202011726_layout_26.pdf
25;;8720195286592.0;900990006100 | labels tbv 0990006100;257.0;500.0;202011726_layout_26.pdf
26;;8720195286592.0;900990006100 | labels tbv 0990006100;258.0;500.0;202011726_layout_26.pdf
27;;8720195286592.0;900990006100 | labels tbv 0990006100;259.0;500.0;202011726_layout_26.pdf
28;;8720195286608.0;900990006110 | labels tbv 0990006110;260.0;500.0;202011726_layout_27.pdf
0;202011726_inschiet_baan_10 | 14500 etiketten;;;;;
0;;8720195286608.0;900990006110 | labels tbv 0990006110;261.0;500.0;202011726_layout_27.pdf
1;;8720195286608.0;900990006110 | labels tbv 0990006110;262.0;500.0;202011726_layout_27.pdf
2;;8720195286608.0;900990006110 | labels tbv 0990006110;263.0;500.0;202011726_layout_27.pdf
3;;8720195286615.0;900990006120 | labels tbv 0990006120;264.0;500.0;202011726_layout_28.pdf
4;;8720195286615.0;900990006120 | labels tbv 0990006120;265.0;500.0;202011726_layout_28.pdf
5;;8720195286622.0;900990007100 | labels tbv 0990007100;266.0;500.0;202011726_layout_29.pdf
6;;8720195286622.0;900990007100 | labels tbv 0990007100;267.0;500.0;202011726_layout_29.pdf
7;;8720195286622.0;900990007100 | labels tbv 0990007100;268.0;500.0;202011726_layout_29.pdf
8;;8720195286622.0;900990007100 | labels tbv 0990007100;269.0;500.0;202011726_layout_29.pdf
9;;8720195286622.0;900990007100 | labels tbv 0990007100;270.0;500.0;202011726_layout_29.pdf
10;;8720195286622.0;900990007100 | labels tbv 0990007100;271.0;500.0;202011726_layout_29.pdf
11;;8720195286622.0;900990007100 | labels tbv 0990007100;272.0;500.0;202011726_layout_29.pdf
12;;8720195286622.0;900990007100 | labels tbv 0990007100;273.0;500.0;202011726_layout_29.pdf
13;;8720195286622.0;900990007100 | labels tbv 0990007100;274.0;500.0;202011726_layout_29.pdf
14;;8720195286622.0;900990007100 | labels tbv 0990007100;275.0;500.0;202011726_layout_29.pdf
15;;8720195286622.0;900990007100 | labels tbv 0990007100;276.0;500.0;202011726_layout_29.pdf
16;;8720195286622.0;900990007100 | labels tbv 0990007100;277.0;500.0;202011726_layout_29.pdf
17;;8720195286622.0;900990007100 | labels tbv 0990007100;278.0;500.0;202011726_layout_29.pdf
18;;8720195286622.0;900990007100 | labels tbv 0990007100;279.0;500.0;202011726_layout_29.pdf
19;;8720195286639.0;901610000100 | labels tbv 1610000100;280.0;500.0;202011726_layout_30.pdf
20;;8720195286639.0;901610000100 | labels tbv 1610000100;281.0;500.0;202011726_layout_30.pdf
21;;8720195286639.0;901610000100 | labels tbv 1610000100;282.0;500.0;202011726_layout_30.pdf
22;;8720195286639.0;901610000100 | labels tbv 1610000100;283.0;500.0;202011726_layout_30.pdf
23;;8720195286646.0;901610000200 | labels tbv 1610000200;284.0;500.0;202011726_layout_31.pdf
24;;8720195286646.0;901610000200 | labels tbv 1610000200;285.0;500.0;202011726_layout_31.pdf
25;;8720195286646.0;901610000200 | labels tbv 1610000200;286.0;500.0;202011726_layout_31.pdf
26;;8720195286646.0;901610000200 | labels tbv 1610000200;287.0;500.0;202011726_layout_31.pdf
27;;8720195286653.0;901610000300 | labels tbv 1610000300;288.0;500.0;202011726_layout_32.pdf
28;;8720195286653.0;901610000300 | labels tbv 1610000300;289.0;500.0;202011726_layout_32.pdf
0;202011726_inschiet_baan_11 | 14500 etiketten;;;;;
0;;8720195286653.0;901610000300 | labels tbv 1610000300;290.0;500.0;202011726_layout_32.pdf
1;;8720195286653.0;901610000300 | labels tbv 1610000300;291.0;500.0;202011726_layout_32.pdf
2;;8720195286653.0;901610000300 | labels tbv 1610000300;292.0;500.0;202011726_layout_32.pdf
3;;8720195286653.0;901610000300 | labels tbv 1610000300;293.0;500.0;202011726_layout_32.pdf
4;;8720195286653.0;901610000300 | labels tbv 1610000300;294.0;500.0;202011726_layout_32.pdf
5;;8720195286653.0;901610000300 | labels tbv 1610000300;295.0;500.0;202011726_layout_32.pdf
6;;8720195286660.0;901610000400 | labels tbv 1610000400;296.0;500.0;202011726_layout_33.pdf
7;;8720195286660.0;901610000400 | labels tbv 1610000400;297.0;500.0;202011726_layout_33.pdf
8;;8720195286660.0;901610000400 | labels tbv 1610000400;298.0;500.0;202011726_layout_33.pdf
9;;8720195286660.0;901610000400 | labels tbv 1610000400;299.0;500.0;202011726_layout_33.pdf
10;;8720195286660.0;901610000400 | labels tbv 1610000400;300.0;500.0;202011726_layout_33.pdf
11;;8720195286660.0;901610000400 | labels tbv 1610000400;301.0;500.0;202011726_layout_33.pdf
12;;8720195286660.0;901610000400 | labels tbv 1610000400;302.0;500.0;202011726_layout_33.pdf
13;;8720195286660.0;901610000400 | labels tbv 1610000400;303.0;500.0;202011726_layout_33.pdf
14;;8720195286677.0;901610000500 | labels tbv 1610000500;304.0;500.0;202011726_layout_34.pdf
15;;8720195286677.0;901610000500 | labels tbv 1610000500;305.0;500.0;202011726_layout_34.pdf
16;;8720195286677.0;901610000500 | labels tbv 1610000500;306.0;500.0;202011726_layout_34.pdf
17;;8720195286677.0;901610000500 | labels tbv 1610000500;307.0;500.0;202011726_layout_34.pdf
18;;8720195286677.0;901610000500 | labels tbv 1610000500;308.0;500.0;202011726_layout_34.pdf
19;;8720195286677.0;901610000500 | labels tbv 1610000500;309.0;500.0;202011726_layout_34.pdf
20;;8720195286677.0;901610000500 | labels tbv 1610000500;310.0;500.0;202011726_layout_34.pdf
21;;8720195286677.0;901610000500 | labels tbv 1610000500;311.0;500.0;202011726_layout_34.pdf
22;;8720195286677.0;901610000500 | labels tbv 1610000500;312.0;500.0;202011726_layout_34.pdf
23;;8720195286677.0;901610000500 | labels tbv 1610000500;313.0;500.0;202011726_layout_34.pdf
24;;8720195286677.0;901610000500 | labels tbv 1610000500;314.0;500.0;202011726_layout_34.pdf
25;;8720195286677.0;901610000500 | labels tbv 1610000500;315.0;500.0;202011726_layout_34.pdf
26;;8720195286677.0;901610000500 | labels tbv 1610000500;316.0;500.0;202011726_layout_34.pdf
27;;8720195286677.0;901610000500 | labels tbv 1610000500;317.0;500.0;202011726_layout_34.pdf
28;;8720195286677.0;901610000500 | labels tbv 1610000500;318.0;500.0;202011726_layout_34.pdf
0;202011726_inschiet_baan_12 | 14500 etiketten;;;;;
0;;8720195286677.0;901610000500 | labels tbv 1610000500;319.0;500.0;202011726_layout_34.pdf
1;;8720195286677.0;901610000500 | labels tbv 1610000500;320.0;500.0;202011726_layout_34.pdf
2;;8720195286677.0;901610000500 | labels tbv 1610000500;321.0;500.0;202011726_layout_34.pdf
3;;8720195286677.0;901610000500 | labels tbv 1610000500;322.0;500.0;202011726_layout_34.pdf
4;;8720195286677.0;901610000500 | labels tbv 1610000500;323.0;500.0;202011726_layout_34.pdf
5;;8720195286677.0;901610000500 | labels tbv 1610000500;324.0;500.0;202011726_layout_34.pdf
6;;8720195286677.0;901610000500 | labels tbv 1610000500;325.0;500.0;202011726_layout_34.pdf
7;;8720195286677.0;901610000500 | labels tbv 1610000500;326.0;500.0;202011726_layout_34.pdf
8;;8720195286677.0;901610000500 | labels tbv 1610000500;327.0;500.0;202011726_layout_34.pdf
9;;8720195286684.0;901610000600 | labels tbv 1610000600;328.0;500.0;202011726_layout_35.pdf
10;;8720195286684.0;901610000600 | labels tbv 1610000600;329.0;500.0;202011726_layout_35.pdf
11;;8720195286684.0;901610000600 | labels tbv 1610000600;330.0;500.0;202011726_layout_35.pdf
12;;8720195286684.0;901610000600 | labels tbv 1610000600;331.0;500.0;202011726_layout_35.pdf
13;;8720195286684.0;901610000600 | labels tbv 1610000600;332.0;500.0;202011726_layout_35.pdf
14;;8720195286684.0;901610000600 | labels tbv 1610000600;333.0;500.0;202011726_layout_35.pdf
15;;8720195286684.0;901610000600 | labels tbv 1610000600;334.0;500.0;202011726_layout_35.pdf
16;;8720195286684.0;901610000600 | labels tbv 1610000600;335.0;500.0;202011726_layout_35.pdf
17;;8720195286684.0;901610000600 | labels tbv 1610000600;336.0;500.0;202011726_layout_35.pdf
18;;8720195286684.0;901610000600 | labels tbv 1610000600;337.0;500.0;202011726_layout_35.pdf
19;;8720195286684.0;901610000600 | labels tbv 1610000600;338.0;500.0;202011726_layout_35.pdf
20;;8720195286684.0;901610000600 | labels tbv 1610000600;339.0;500.0;202011726_layout_35.pdf
21;;8720195286684.0;901610000600 | labels tbv 1610000600;340.0;500.0;202011726_layout_35.pdf
22;;8720195286684.0;901610000600 | labels tbv 1610000600;341.0;500.0;202011726_layout_35.pdf
23;;8720195286691.0;901610000900 | labels tbv 1610000900;342.0;500.0;202011726_layout_36.pdf
24;;8720195286691.0;901610000900 | labels tbv 1610000900;343.0;500.0;202011726_layout_36.pdf
25;;8720195286691.0;901610000900 | labels tbv 1610000900;344.0;500.0;202011726_layout_36.pdf
26;;8720195286691.0;901610000900 | labels tbv 1610000900;345.0;500.0;202011726_layout_36.pdf
27;;8720195286707.0;901610001000 | labels tbv 1610001000;346.0;500.0;202011726_layout_37.pdf
28;;8720195286707.0;901610001000 | labels tbv 1610001000;347.0;500.0;202011726_layout_37.pdf
0;202011726_inschiet_baan_13 | 14500 etiketten;;;;;
0;;8720195286707.0;901610001000 | labels tbv 1610001000;348.0;500.0;202011726_layout_37.pdf
1;;8720195286707.0;901610001000 | labels tbv 1610001000;349.0;500.0;202011726_layout_37.pdf
2;;8720195286714.0;901610001100 | labels tbv 1610001100;350.0;500.0;202011726_layout_38.pdf
3;;8720195286714.0;901610001100 | labels tbv 1610001100;351.0;500.0;202011726_layout_38.pdf
4;;8720195286714.0;901610001100 | labels tbv 1610001100;352.0;500.0;202011726_layout_38.pdf
5;;8720195286714.0;901610001100 | labels tbv 1610001100;353.0;500.0;202011726_layout_38.pdf
6;;8720195286721.0;901610001200 | labels tbv 1610001200;354.0;500.0;202011726_layout_39.pdf
7;;8720195286721.0;901610001200 | labels tbv 1610001200;355.0;500.0;202011726_layout_39.pdf
8;;8720195286721.0;901610001200 | labels tbv 1610001200;356.0;500.0;202011726_layout_39.pdf
9;;8720195286721.0;901610001200 | labels tbv 1610001200;357.0;500.0;202011726_layout_39.pdf
10;;8720195286738.0;901610001300 | labels tbv 1610001300;358.0;500.0;202011726_layout_40.pdf
11;;8720195286738.0;901610001300 | labels tbv 1610001300;359.0;500.0;202011726_layout_40.pdf
12;;8720195286738.0;901610001300 | labels tbv 1610001300;360.0;500.0;202011726_layout_40.pdf
13;;8720195286738.0;901610001300 | labels tbv 1610001300;361.0;500.0;202011726_layout_40.pdf
14;;8720195286745.0;901610001400 | labels tbv 1610001400;362.0;500.0;202011726_layout_41.pdf
15;;8720195286745.0;901610001400 | labels tbv 1610001400;363.0;500.0;202011726_layout_41.pdf
16;;8720195286745.0;901610001400 | labels tbv 1610001400;364.0;500.0;202011726_layout_41.pdf
17;;8720195286745.0;901610001400 | labels tbv 1610001400;365.0;500.0;202011726_layout_41.pdf
18;;8720195286752.0;901610003300 | labels tbv 1610003300;366.0;500.0;202011726_layout_42.pdf
19;;8720195286752.0;901610003300 | labels tbv 1610003300;367.0;500.0;202011726_layout_42.pdf
20;;8720195286752.0;901610003300 | labels tbv 1610003300;368.0;500.0;202011726_layout_42.pdf
21;;8720195286752.0;901610003300 | labels tbv 1610003300;369.0;500.0;202011726_layout_42.pdf
22;;8720195286769.0;901610003400 | labels tbv 1610003400;370.0;500.0;202011726_layout_43.pdf
23;;8720195286769.0;901610003400 | labels tbv 1610003400;371.0;500.0;202011726_layout_43.pdf
24;;8720195286769.0;901610003400 | labels tbv 1610003400;372.0;500.0;202011726_layout_43.pdf
25;;8720195286769.0;901610003400 | labels tbv 1610003400;373.0;500.0;202011726_layout_43.pdf
26;;8720195286776.0;901610003500 | labels tbv 1610003500;374.0;500.0;202011726_layout_44.pdf
27;;8720195286776.0;901610003500 | labels tbv 1610003500;375.0;500.0;202011726_layout_44.pdf
28;;8720195286776.0;901610003500 | labels tbv 1610003500;376.0;500.0;202011726_layout_44.pdf
0;202011726_inschiet_baan_14 | 14500 etiketten;;;;;
0;;8720195286776.0;901610003500 | labels tbv 1610003500;377.0;500.0;202011726_layout_44.pdf
1;;8720195286776.0;901610003500 | labels tbv 1610003500;378.0;500.0;202011726_layout_44.pdf
2;;8720195286776.0;901610003500 | labels tbv 1610003500;379.0;500.0;202011726_layout_44.pdf
3;;8720195286783.0;901610003600 | labels tbv 1610003600;380.0;500.0;202011726_layout_45.pdf
4;;8720195286783.0;901610003600 | labels tbv 1610003600;381.0;500.0;202011726_layout_45.pdf
5;;8720195286783.0;901610003600 | labels tbv 1610003600;382.0;500.0;202011726_layout_45.pdf
6;;8720195286783.0;901610003600 | labels tbv 1610003600;383.0;500.0;202011726_layout_45.pdf
7;;8720195286783.0;901610003600 | labels tbv 1610003600;384.0;500.0;202011726_layout_45.pdf
8;;8720195286783.0;901610003600 | labels tbv 1610003600;385.0;500.0;202011726_layout_45.pdf
9;;8720195286790.0;901610004000 | labels tbv 1610004000;386.0;500.0;202011726_layout_46.pdf
10;;8720195286790.0;901610004000 | labels tbv 1610004000;387.0;500.0;202011726_layout_46.pdf
11;;8720195286790.0;901610004000 | labels tbv 1610004000;388.0;500.0;202011726_layout_46.pdf
12;;8720195286790.0;901610004000 | labels tbv 1610004000;389.0;500.0;202011726_layout_46.pdf
13;;8720195286790.0;901610004000 | labels tbv 1610004000;390.0;500.0;202011726_layout_46.pdf
14;;8720195286790.0;901610004000 | labels tbv 1610004000;391.0;500.0;202011726_layout_46.pdf
15;;8720195286790.0;901610004000 | labels tbv 1610004000;392.0;500.0;202011726_layout_46.pdf
16;;8720195286790.0;901610004000 | labels tbv 1610004000;393.0;500.0;202011726_layout_46.pdf
17;;8720195286790.0;901610004000 | labels tbv 1610004000;394.0;500.0;202011726_layout_46.pdf
18;;8720195286790.0;901610004000 | labels tbv 1610004000;395.0;500.0;202011726_layout_46.pdf
19;;8720195286790.0;901610004000 | labels tbv 1610004000;396.0;500.0;202011726_layout_46.pdf
20;;8720195286790.0;901610004000 | labels tbv 1610004000;397.0;500.0;202011726_layout_46.pdf
21;;8720195286790.0;901610004000 | labels tbv 1610004000;398.0;500.0;202011726_layout_46.pdf
22;;8720195286790.0;901610004000 | labels tbv 1610004000;399.0;500.0;202011726_layout_46.pdf
23;;8720195286790.0;901610004000 | labels tbv 1610004000;400.0;500.0;202011726_layout_46.pdf
24;;8720195286790.0;901610004000 | labels tbv 1610004000;401.0;500.0;202011726_layout_46.pdf
25;;8720195286790.0;901610004000 | labels tbv 1610004000;402.0;500.0;202011726_layout_46.pdf
26;;8720195286790.0;901610004000 | labels tbv 1610004000;403.0;500.0;202011726_layout_46.pdf
27;;8720195286806.0;901610004100 | labels tbv 1610004100;404.0;500.0;202011726_layout_47.pdf
28;;8720195286806.0;901610004100 | labels tbv 1610004100;405.0;500.0;202011726_layout_47.pdf
0;202011726_inschiet_baan_15 | 14500 etiketten;;;;;
0;;8720195286806.0;901610004100 | labels tbv 1610004100;406.0;500.0;202011726_layout_47.pdf
1;;8720195286806.0;901610004100 | labels tbv 1610004100;407.0;500.0;202011726_layout_47.pdf
2;;8720195286806.0;901610004100 | labels tbv 1610004100;408.0;500.0;202011726_layout_47.pdf
3;;8720195286806.0;901610004100 | labels tbv 1610004100;409.0;500.0;202011726_layout_47.pdf
4;;8720195286806.0;901610004100 | labels tbv 1610004100;410.0;500.0;202011726_layout_47.pdf
5;;8720195286806.0;901610004100 | labels tbv 1610004100;411.0;500.0;202011726_layout_47.pdf
6;;8720195286813.0;901620000040 | labels tbv 1620000040;412.0;500.0;202011726_layout_48.pdf
7;;8720195286813.0;901620000040 | labels tbv 1620000040;413.0;500.0;202011726_layout_48.pdf
8;;8720195286813.0;901620000040 | labels tbv 1620000040;414.0;500.0;202011726_layout_48.pdf
9;;8720195286813.0;901620000040 | labels tbv 1620000040;415.0;500.0;202011726_layout_48.pdf
10;;8720195286820.0;901620000050 | labels tbv 1620000050;416.0;500.0;202011726_layout_49.pdf
11;;8720195286820.0;901620000050 | labels tbv 1620000050;417.0;500.0;202011726_layout_49.pdf
12;;8720195286820.0;901620000050 | labels tbv 1620000050;418.0;500.0;202011726_layout_49.pdf
13;;8720195286820.0;901620000050 | labels tbv 1620000050;419.0;500.0;202011726_layout_49.pdf
14;;8720195286837.0;901620000100 | labels tbv 1620000100;420.0;500.0;202011726_layout_50.pdf
15;;8720195286837.0;901620000100 | labels tbv 1620000100;421.0;500.0;202011726_layout_50.pdf
16;;8720195286837.0;901620000100 | labels tbv 1620000100;422.0;500.0;202011726_layout_50.pdf
17;;8720195286837.0;901620000100 | labels tbv 1620000100;423.0;500.0;202011726_layout_50.pdf
18;;8720195286837.0;901620000100 | labels tbv 1620000100;424.0;500.0;202011726_layout_50.pdf
19;;8720195286837.0;901620000100 | labels tbv 1620000100;425.0;500.0;202011726_layout_50.pdf
20;;8720195286837.0;901620000100 | labels tbv 1620000100;426.0;500.0;202011726_layout_50.pdf
21;;8720195286837.0;901620000100 | labels tbv 1620000100;427.0;500.0;202011726_layout_50.pdf
22;;8720195286844.0;901620000150 | labels tbv 1620000150;428.0;500.0;202011726_layout_51.pdf
23;;8720195286844.0;901620000150 | labels tbv 1620000150;429.0;500.0;202011726_layout_51.pdf
24;;8720195286844.0;901620000150 | labels tbv 1620000150;430.0;500.0;202011726_layout_51.pdf
25;;8720195286844.0;901620000150 | labels tbv 1620000150;431.0;500.0;202011726_layout_51.pdf
26;;8720195286844.0;901620000150 | labels tbv 1620000150;432.0;500.0;202011726_layout_51.pdf
27;;8720195286844.0;901620000150 | labels tbv 1620000150;433.0;500.0;202011726_layout_51.pdf
28;;8720195286844.0;901620000150 | labels tbv 1620000150;434.0;500.0;202011726_layout_51.pdf
0;202011726_inschiet_baan_16 | 14500 etiketten;;;;;
0;;8720195286844.0;901620000150 | labels tbv 1620000150;435.0;500.0;202011726_layout_51.pdf
1;;8720195286844.0;901620000150 | labels tbv 1620000150;436.0;500.0;202011726_layout_51.pdf
2;;8720195286844.0;901620000150 | labels tbv 1620000150;437.0;500.0;202011726_layout_51.pdf
3;;8720195286844.0;901620000150 | labels tbv 1620000150;438.0;500.0;202011726_layout_51.pdf
4;;8720195286844.0;901620000150 | labels tbv 1620000150;439.0;500.0;202011726_layout_51.pdf
5;;8720195286844.0;901620000150 | labels tbv 1620000150;440.0;500.0;202011726_layout_51.pdf
6;;8720195286844.0;901620000150 | labels tbv 1620000150;441.0;500.0;202011726_layout_51.pdf
7;;8720195286851.0;901620000175 | labels tbv 1620000175;442.0;500.0;202011726_layout_52.pdf
8;;8720195286851.0;901620000175 | labels tbv 1620000175;443.0;500.0;202011726_layout_52.pdf
9;;8720195286851.0;901620000175 | labels tbv 1620000175;444.0;500.0;202011726_layout_52.pdf
10;;8720195286851.0;901620000175 | labels tbv 1620000175;445.0;500.0;202011726_layout_52.pdf
11;;8720195286868.0;901620000200 | labels tbv 1620000200;446.0;500.0;202011726_layout_53.pdf
12;;8720195286868.0;901620000200 | labels tbv 1620000200;447.0;500.0;202011726_layout_53.pdf
13;;8720195286868.0;901620000200 | labels tbv 1620000200;448.0;500.0;202011726_layout_53.pdf
14;;8720195286868.0;901620000200 | labels tbv 1620000200;449.0;500.0;202011726_layout_53.pdf
15;;8720195286868.0;901620000200 | labels tbv 1620000200;450.0;500.0;202011726_layout_53.pdf
16;;8720195286868.0;901620000200 | labels tbv 1620000200;451.0;500.0;202011726_layout_53.pdf
17;;8720195286868.0;901620000200 | labels tbv 1620000200;452.0;500.0;202011726_layout_53.pdf
18;;8720195286868.0;901620000200 | labels tbv 1620000200;453.0;500.0;202011726_layout_53.pdf
19;;8720195286868.0;901620000200 | labels tbv 1620000200;454.0;500.0;202011726_layout_53.pdf
20;;8720195286868.0;901620000200 | labels tbv 1620000200;455.0;500.0;202011726_layout_53.pdf
21;;8720195286868.0;901620000200 | labels tbv 1620000200;456.0;500.0;202011726_layout_53.pdf
22;;8720195286868.0;901620000200 | labels tbv 1620000200;457.0;500.0;202011726_layout_53.pdf
23;;8720195286868.0;901620000200 | labels tbv 1620000200;458.0;500.0;202011726_layout_53.pdf
24;;8720195286868.0;901620000200 | labels tbv 1620000200;459.0;500.0;202011726_layout_53.pdf
25;;8720195286868.0;901620000200 | labels tbv 1620000200;460.0;500.0;202011726_layout_53.pdf
26;;8720195286868.0;901620000200 | labels tbv 1620000200;461.0;500.0;202011726_layout_53.pdf
27;;8720195286868.0;901620000200 | labels tbv 1620000200;462.0;500.0;202011726_layout_53.pdf
28;;8720195286868.0;901620000200 | labels tbv 1620000200;463.0;500.0;202011726_layout_53.pdf
0;202011726_inschiet_baan_17 | 14500 etiketten;;;;;
0;;8720195286868.0;901620000200 | labels tbv 1620000200;464.0;500.0;202011726_layout_53.pdf
1;;8720195286868.0;901620000200 | labels tbv 1620000200;465.0;500.0;202011726_layout_53.pdf
2;;8720195286868.0;901620000200 | labels tbv 1620000200;466.0;500.0;202011726_layout_53.pdf
3;;8720195286868.0;901620000200 | labels tbv 1620000200;467.0;500.0;202011726_layout_53.pdf
4;;8720195286868.0;901620000200 | labels tbv 1620000200;468.0;500.0;202011726_layout_53.pdf
5;;8720195286868.0;901620000200 | labels tbv 1620000200;469.0;500.0;202011726_layout_53.pdf
6;;8720195286868.0;901620000200 | labels tbv 1620000200;470.0;500.0;202011726_layout_53.pdf
7;;8720195286868.0;901620000200 | labels tbv 1620000200;471.0;500.0;202011726_layout_53.pdf
8;;8720195286868.0;901620000200 | labels tbv 1620000200;472.0;500.0;202011726_layout_53.pdf
9;;8720195286868.0;901620000200 | labels tbv 1620000200;473.0;500.0;202011726_layout_53.pdf
10;;8720195286868.0;901620000200 | labels tbv 1620000200;474.0;500.0;202011726_layout_53.pdf
11;;8720195286868.0;901620000200 | labels tbv 1620000200;475.0;500.0;202011726_layout_53.pdf
12;;8720195286868.0;901620000200 | labels tbv 1620000200;476.0;500.0;202011726_layout_53.pdf
13;;8720195286868.0;901620000200 | labels tbv 1620000200;477.0;500.0;202011726_layout_53.pdf
14;;8720195286868.0;901620000200 | labels tbv 1620000200;478.0;500.0;202011726_layout_53.pdf
15;;8720195286868.0;901620000200 | labels tbv 1620000200;479.0;500.0;202011726_layout_53.pdf
16;;8720195286868.0;901620000200 | labels tbv 1620000200;480.0;500.0;202011726_layout_53.pdf
17;;8720195286868.0;901620000200 | labels tbv 1620000200;481.0;500.0;202011726_layout_53.pdf
18;;8720195286868.0;901620000200 | labels tbv 1620000200;482.0;500.0;202011726_layout_53.pdf
19;;8720195286868.0;901620000200 | labels tbv 1620000200;483.0;500.0;202011726_layout_53.pdf
20;;8720195286868.0;901620000200 | labels tbv 1620000200;484.0;500.0;202011726_layout_53.pdf
21;;8720195286868.0;901620000200 | labels tbv 1620000200;485.0;500.0;202011726_layout_53.pdf
22;;8720195286868.0;901620000200 | labels tbv 1620000200;486.0;500.0;202011726_layout_53.pdf
23;;8720195286868.0;901620000200 | labels tbv 1620000200;487.0;500.0;202011726_layout_53.pdf
24;;8720195286868.0;901620000200 | labels tbv 1620000200;488.0;500.0;202011726_layout_53.pdf
25;;8720195286868.0;901620000200 | labels tbv 1620000200;489.0;500.0;202011726_layout_53.pdf
26;;8720195286868.0;901620000200 | labels tbv 1620000200;490.0;500.0;202011726_layout_53.pdf
27;;8720195286868.0;901620000200 | labels tbv 1620000200;491.0;500.0;202011726_layout_53.pdf
28;;8720195286868.0;901620000200 | labels tbv 1620000200;492.0;500.0;202011726_layout_53.pdf
0;202011726_inschiet_baan_18 | 14500 etiketten;;;;;
0;;8720195286868.0;901620000200 | labels tbv 1620000200;493.0;500.0;202011726_layout_53.pdf
1;;8720195286868.0;901620000200 | labels tbv 1620000200;494.0;500.0;202011726_layout_53.pdf
2;;8720195286868.0;901620000200 | labels tbv 1620000200;495.0;500.0;202011726_layout_53.pdf
3;;8720195286868.0;901620000200 | labels tbv 1620000200;496.0;500.0;202011726_layout_53.pdf
4;;8720195286868.0;901620000200 | labels tbv 1620000200;497.0;500.0;202011726_layout_53.pdf
5;;8720195286868.0;901620000200 | labels tbv 1620000200;498.0;500.0;202011726_layout_53.pdf
6;;8720195286868.0;901620000200 | labels tbv 1620000200;499.0;500.0;202011726_layout_53.pdf
7;;8720195286868.0;901620000200 | labels tbv 1620000200;500.0;500.0;202011726_layout_53.pdf
8;;8720195286868.0;901620000200 | labels tbv 1620000200;501.0;500.0;202011726_layout_53.pdf
9;;8720195286875.0;901620000250 | labels tbv 1620000250;502.0;500.0;202011726_layout_54.pdf
10;;8720195286875.0;901620000250 | labels tbv 1620000250;503.0;500.0;202011726_layout_54.pdf
11;;8720195286875.0;901620000250 | labels tbv 1620000250;504.0;500.0;202011726_layout_54.pdf
12;;8720195286875.0;901620000250 | labels tbv 1620000250;505.0;500.0;202011726_layout_54.pdf
13;;8720195286875.0;901620000250 | labels tbv 1620000250;506.0;500.0;202011726_layout_54.pdf
14;;8720195286875.0;901620000250 | labels tbv 1620000250;507.0;500.0;202011726_layout_54.pdf
15;;8720195286875.0;901620000250 | labels tbv 1620000250;508.0;500.0;202011726_layout_54.pdf
16;;8720195286875.0;901620000250 | labels tbv 1620000250;509.0;500.0;202011726_layout_54.pdf
17;;8720195286875.0;901620000250 | labels tbv 1620000250;510.0;500.0;202011726_layout_54.pdf
18;;8720195286875.0;901620000250 | labels tbv 1620000250;511.0;500.0;202011726_layout_54.pdf
19;;8720195286875.0;901620000250 | labels tbv 1620000250;512.0;500.0;202011726_layout_54.pdf
20;;8720195286875.0;901620000250 | labels tbv 1620000250;513.0;500.0;202011726_layout_54.pdf
21;;8720195286875.0;901620000250 | labels tbv 1620000250;514.0;500.0;202011726_layout_54.pdf
22;;8720195286875.0;901620000250 | labels tbv 1620000250;515.0;500.0;202011726_layout_54.pdf
23;;8720195286875.0;901620000250 | labels tbv 1620000250;516.0;500.0;202011726_layout_54.pdf
24;;8720195286875.0;901620000250 | labels tbv 1620000250;517.0;500.0;202011726_layout_54.pdf
25;;8720195286875.0;901620000250 | labels tbv 1620000250;518.0;500.0;202011726_layout_54.pdf
26;;8720195286875.0;901620000250 | labels tbv 1620000250;519.0;500.0;202011726_layout_54.pdf
27;;8720195286875.0;901620000250 | labels tbv 1620000250;520.0;500.0;202011726_layout_54.pdf
28;;8720195286875.0;901620000250 | labels tbv 1620000250;521.0;500.0;202011726_layout_54.pdf
0;202011726_inschiet_baan_19 | 14500 etiketten;;;;;
0;;8720195286875.0;901620000250 | labels tbv 1620000250;522.0;500.0;202011726_layout_54.pdf
1;;8720195286875.0;901620000250 | labels tbv 1620000250;523.0;500.0;202011726_layout_54.pdf
2;;8720195286875.0;901620000250 | labels tbv 1620000250;524.0;500.0;202011726_layout_54.pdf
3;;8720195286875.0;901620000250 | labels tbv 1620000250;525.0;500.0;202011726_layout_54.pdf
4;;8720195286875.0;901620000250 | labels tbv 1620000250;526.0;500.0;202011726_layout_54.pdf
5;;8720195286875.0;901620000250 | labels tbv 1620000250;527.0;500.0;202011726_layout_54.pdf
6;;8720195286875.0;901620000250 | labels tbv 1620000250;528.0;500.0;202011726_layout_54.pdf
7;;8720195286875.0;901620000250 | labels tbv 1620000250;529.0;500.0;202011726_layout_54.pdf
8;;8720195286875.0;901620000250 | labels tbv 1620000250;530.0;500.0;202011726_layout_54.pdf
9;;8720195286875.0;901620000250 | labels tbv 1620000250;531.0;500.0;202011726_layout_54.pdf
10;;8720195286875.0;901620000250 | labels tbv 1620000250;532.0;500.0;202011726_layout_54.pdf
11;;8720195286875.0;901620000250 | labels tbv 1620000250;533.0;500.0;202011726_layout_54.pdf
12;;8720195286875.0;901620000250 | labels tbv 1620000250;534.0;500.0;202011726_layout_54.pdf
13;;8720195286875.0;901620000250 | labels tbv 1620000250;535.0;500.0;202011726_layout_54.pdf
14;;8720195286875.0;901620000250 | labels tbv 1620000250;536.0;500.0;202011726_layout_54.pdf
15;;8720195286875.0;901620000250 | labels tbv 1620000250;537.0;500.0;202011726_layout_54.pdf
16;;8720195286875.0;901620000250 | labels tbv 1620000250;538.0;500.0;202011726_layout_54.pdf
17;;8720195286875.0;901620000250 | labels tbv 1620000250;539.0;500.0;202011726_layout_54.pdf
18;;8720195286875.0;901620000250 | labels tbv 1620000250;540.0;500.0;202011726_layout_54.pdf
19;;8720195286875.0;901620000250 | labels tbv 1620000250;541.0;500.0;202011726_layout_54.pdf
20;;8720195286875.0;901620000250 | labels tbv 1620000250;542.0;500.0;202011726_layout_54.pdf
21;;8720195286875.0;901620000250 | labels tbv 1620000250;543.0;500.0;202011726_layout_54.pdf
22;;8720195286875.0;901620000250 | labels tbv 1620000250;544.0;500.0;202011726_layout_54.pdf
23;;8720195286875.0;901620000250 | labels tbv 1620000250;545.0;500.0;202011726_layout_54.pdf
24;;8720195286875.0;901620000250 | labels tbv 1620000250;546.0;500.0;202011726_layout_54.pdf
25;;8720195286875.0;901620000250 | labels tbv 1620000250;547.0;500.0;202011726_layout_54.pdf
26;;8720195286875.0;901620000250 | labels tbv 1620000250;548.0;500.0;202011726_layout_54.pdf
27;;8720195286875.0;901620000250 | labels tbv 1620000250;549.0;500.0;202011726_layout_54.pdf
28;;8720195286875.0;901620000250 | labels tbv 1620000250;550.0;500.0;202011726_layout_54.pdf
0;202011726_inschiet_baan_20 | 14500 etiketten;;;;;
0;;8720195286875.0;901620000250 | labels tbv 1620000250;551.0;500.0;202011726_layout_54.pdf
1;;8720195286875.0;901620000250 | labels tbv 1620000250;552.0;500.0;202011726_layout_54.pdf
2;;8720195286875.0;901620000250 | labels tbv 1620000250;553.0;500.0;202011726_layout_54.pdf
3;;8720195286875.0;901620000250 | labels tbv 1620000250;554.0;500.0;202011726_layout_54.pdf
4;;8720195286875.0;901620000250 | labels tbv 1620000250;555.0;500.0;202011726_layout_54.pdf
5;;8720195286875.0;901620000250 | labels tbv 1620000250;556.0;500.0;202011726_layout_54.pdf
6;;8720195286875.0;901620000250 | labels tbv 1620000250;557.0;500.0;202011726_layout_54.pdf
7;;8720195286882.0;901620000260 | labels tbv 1620000260;558.0;500.0;202011726_layout_55.pdf
8;;8720195286882.0;901620000260 | labels tbv 1620000260;559.0;500.0;202011726_layout_55.pdf
9;;8720195286882.0;901620000260 | labels tbv 1620000260;560.0;500.0;202011726_layout_55.pdf
10;;8720195286882.0;901620000260 | labels tbv 1620000260;561.0;500.0;202011726_layout_55.pdf
11;;8720195286882.0;901620000260 | labels tbv 1620000260;562.0;500.0;202011726_layout_55.pdf
12;;8720195286882.0;901620000260 | labels tbv 1620000260;563.0;500.0;202011726_layout_55.pdf
13;;8720195286882.0;901620000260 | labels tbv 1620000260;564.0;500.0;202011726_layout_55.pdf
14;;8720195286882.0;901620000260 | labels tbv 1620000260;565.0;500.0;202011726_layout_55.pdf
15;;8720195286882.0;901620000260 | labels tbv 1620000260;566.0;500.0;202011726_layout_55.pdf
16;;8720195286882.0;901620000260 | labels tbv 1620000260;567.0;500.0;202011726_layout_55.pdf
17;;8720195286882.0;901620000260 | labels tbv 1620000260;568.0;500.0;202011726_layout_55.pdf
18;;8720195286882.0;901620000260 | labels tbv 1620000260;569.0;500.0;202011726_layout_55.pdf
19;;8720195286882.0;901620000260 | labels tbv 1620000260;570.0;500.0;202011726_layout_55.pdf
20;;8720195286882.0;901620000260 | labels tbv 1620000260;571.0;500.0;202011726_layout_55.pdf
21;;8720195286882.0;901620000260 | labels tbv 1620000260;572.0;500.0;202011726_layout_55.pdf
22;;8720195286882.0;901620000260 | labels tbv 1620000260;573.0;500.0;202011726_layout_55.pdf
23;;8720195286899.0;901620000300 | labels tbv 1620000300;574.0;500.0;202011726_layout_56.pdf
24;;8720195286899.0;901620000300 | labels tbv 1620000300;575.0;500.0;202011726_layout_56.pdf
25;;8720195286899.0;901620000300 | labels tbv 1620000300;576.0;500.0;202011726_layout_56.pdf
26;;8720195286899.0;901620000300 | labels tbv 1620000300;577.0;500.0;202011726_layout_56.pdf
27;;8720195286905.0;901620000305 | labels tbv 1620000305;578.0;500.0;202011726_layout_57.pdf
28;;8720195286905.0;901620000305 | labels tbv 1620000305;579.0;500.0;202011726_layout_57.pdf
0;202011726_inschiet_baan_21 | 14500 etiketten;;;;;
0;;8720195286905.0;901620000305 | labels tbv 1620000305;580.0;500.0;202011726_layout_57.pdf
1;;8720195286905.0;901620000305 | labels tbv 1620000305;581.0;500.0;202011726_layout_57.pdf
2;;8720195286912.0;901620000310 | labels tbv 1620000310;582.0;500.0;202011726_layout_58.pdf
3;;8720195286912.0;901620000310 | labels tbv 1620000310;583.0;500.0;202011726_layout_58.pdf
4;;8720195286929.0;901620000350 | labels tbv 1620000350;584.0;500.0;202011726_layout_59.pdf
5;;8720195286929.0;901620000350 | labels tbv 1620000350;585.0;500.0;202011726_layout_59.pdf
6;;8720195286929.0;901620000350 | labels tbv 1620000350;586.0;500.0;202011726_layout_59.pdf
7;;8720195286929.0;901620000350 | labels tbv 1620000350;587.0;500.0;202011726_layout_59.pdf
8;;8720195286936.0;901620000400 | labels tbv 1620000400;588.0;500.0;202011726_layout_60.pdf
9;;8720195286936.0;901620000400 | labels tbv 1620000400;589.0;500.0;202011726_layout_60.pdf
10;;8720195286936.0;901620000400 | labels tbv 1620000400;590.0;500.0;202011726_layout_60.pdf
11;;8720195286936.0;901620000400 | labels tbv 1620000400;591.0;500.0;202011726_layout_60.pdf
12;;8720195286943.0;901620000500 | labels tbv 1620000500;592.0;500.0;202011726_layout_61.pdf
13;;8720195286943.0;901620000500 | labels tbv 1620000500;593.0;500.0;202011726_layout_61.pdf
14;;8720195286943.0;901620000500 | labels tbv 1620000500;594.0;500.0;202011726_layout_61.pdf
15;;8720195286943.0;901620000500 | labels tbv 1620000500;595.0;500.0;202011726_layout_61.pdf
16;;8720195286943.0;901620000500 | labels tbv 1620000500;596.0;500.0;202011726_layout_61.pdf
17;;8720195286943.0;901620000500 | labels tbv 1620000500;597.0;500.0;202011726_layout_61.pdf
18;;8720195286943.0;901620000500 | labels tbv 1620000500;598.0;500.0;202011726_layout_61.pdf
19;;8720195286943.0;901620000500 | labels tbv 1620000500;599.0;500.0;202011726_layout_61.pdf
20;;8720195286943.0;901620000500 | labels tbv 1620000500;600.0;500.0;202011726_layout_61.pdf
21;;8720195286943.0;901620000500 | labels tbv 1620000500;601.0;500.0;202011726_layout_61.pdf
22;;8720195286943.0;901620000500 | labels tbv 1620000500;602.0;500.0;202011726_layout_61.pdf
23;;8720195286943.0;901620000500 | labels tbv 1620000500;603.0;500.0;202011726_layout_61.pdf
24;;8720195286943.0;901620000500 | labels tbv 1620000500;604.0;500.0;202011726_layout_61.pdf
25;;8720195286943.0;901620000500 | labels tbv 1620000500;605.0;500.0;202011726_layout_61.pdf
26;;8720195286943.0;901620000500 | labels tbv 1620000500;606.0;500.0;202011726_layout_61.pdf
27;;8720195286943.0;901620000500 | labels tbv 1620000500;607.0;500.0;202011726_layout_61.pdf
28;;8720195286943.0;901620000500 | labels tbv 1620000500;608.0;500.0;202011726_layout_61.pdf
0;202011726_inschiet_baan_22 | 14500 etiketten;;;;;
0;;8720195286943.0;901620000500 | labels tbv 1620000500;609.0;500.0;202011726_layout_61.pdf
1;;8720195286943.0;901620000500 | labels tbv 1620000500;610.0;500.0;202011726_layout_61.pdf
2;;8720195286943.0;901620000500 | labels tbv 1620000500;611.0;500.0;202011726_layout_61.pdf
3;;8720195286943.0;901620000500 | labels tbv 1620000500;612.0;500.0;202011726_layout_61.pdf
4;;8720195286943.0;901620000500 | labels tbv 1620000500;613.0;500.0;202011726_layout_61.pdf
5;;8720195286943.0;901620000500 | labels tbv 1620000500;614.0;500.0;202011726_layout_61.pdf
6;;8720195286943.0;901620000500 | labels tbv 1620000500;615.0;500.0;202011726_layout_61.pdf
7;;8720195286943.0;901620000500 | labels tbv 1620000500;616.0;500.0;202011726_layout_61.pdf
8;;8720195286943.0;901620000500 | labels tbv 1620000500;617.0;500.0;202011726_layout_61.pdf
9;;8720195286943.0;901620000500 | labels tbv 1620000500;618.0;500.0;202011726_layout_61.pdf
10;;8720195286943.0;901620000500 | labels tbv 1620000500;619.0;500.0;202011726_layout_61.pdf
11;;8720195286943.0;901620000500 | labels tbv 1620000500;620.0;500.0;202011726_layout_61.pdf
12;;8720195286943.0;901620000500 | labels tbv 1620000500;621.0;500.0;202011726_layout_61.pdf
13;;8720195286943.0;901620000500 | labels tbv 1620000500;622.0;500.0;202011726_layout_61.pdf
14;;8720195286943.0;901620000500 | labels tbv 1620000500;623.0;500.0;202011726_layout_61.pdf
15;;8720195286943.0;901620000500 | labels tbv 1620000500;624.0;500.0;202011726_layout_61.pdf
16;;8720195286943.0;901620000500 | labels tbv 1620000500;625.0;500.0;202011726_layout_61.pdf
17;;8720195286943.0;901620000500 | labels tbv 1620000500;626.0;500.0;202011726_layout_61.pdf
18;;8720195286943.0;901620000500 | labels tbv 1620000500;627.0;500.0;202011726_layout_61.pdf
19;;8720195286943.0;901620000500 | labels tbv 1620000500;628.0;500.0;202011726_layout_61.pdf
20;;8720195286943.0;901620000500 | labels tbv 1620000500;629.0;500.0;202011726_layout_61.pdf
21;;8720195286943.0;901620000500 | labels tbv 1620000500;630.0;500.0;202011726_layout_61.pdf
22;;8720195286943.0;901620000500 | labels tbv 1620000500;631.0;500.0;202011726_layout_61.pdf
23;;8720195286943.0;901620000500 | labels tbv 1620000500;632.0;500.0;202011726_layout_61.pdf
24;;8720195286943.0;901620000500 | labels tbv 1620000500;633.0;500.0;202011726_layout_61.pdf
25;;8720195286943.0;901620000500 | labels tbv 1620000500;634.0;500.0;202011726_layout_61.pdf
26;;8720195286943.0;901620000500 | labels tbv 1620000500;635.0;500.0;202011726_layout_61.pdf
27;;8720195286943.0;901620000500 | labels tbv 1620000500;636.0;500.0;202011726_layout_61.pdf
28;;8720195286943.0;901620000500 | labels tbv 1620000500;637.0;500.0;202011726_layout_61.pdf
0;202011726_inschiet_baan_23 | 14500 etiketten;;;;;
0;;8720195286943.0;901620000500 | labels tbv 1620000500;638.0;500.0;202011726_layout_61.pdf
1;;8720195286943.0;901620000500 | labels tbv 1620000500;639.0;500.0;202011726_layout_61.pdf
2;;8720195286943.0;901620000500 | labels tbv 1620000500;640.0;500.0;202011726_layout_61.pdf
3;;8720195286943.0;901620000500 | labels tbv 1620000500;641.0;500.0;202011726_layout_61.pdf
4;;8720195286943.0;901620000500 | labels tbv 1620000500;642.0;500.0;202011726_layout_61.pdf
5;;8720195286943.0;901620000500 | labels tbv 1620000500;643.0;500.0;202011726_layout_61.pdf
6;;8720195286943.0;901620000500 | labels tbv 1620000500;644.0;500.0;202011726_layout_61.pdf
7;;8720195286943.0;901620000500 | labels tbv 1620000500;645.0;500.0;202011726_layout_61.pdf
8;;8720195286943.0;901620000500 | labels tbv 1620000500;646.0;500.0;202011726_layout_61.pdf
9;;8720195286943.0;901620000500 | labels tbv 1620000500;647.0;500.0;202011726_layout_61.pdf
10;;8720195286943.0;901620000500 | labels tbv 1620000500;648.0;500.0;202011726_layout_61.pdf
11;;8720195286943.0;901620000500 | labels tbv 1620000500;649.0;500.0;202011726_layout_61.pdf
12;;8720195286943.0;901620000500 | labels tbv 1620000500;650.0;500.0;202011726_layout_61.pdf
13;;8720195286943.0;901620000500 | labels tbv 1620000500;651.0;500.0;202011726_layout_61.pdf
14;;8720195286943.0;901620000500 | labels tbv 1620000500;652.0;500.0;202011726_layout_61.pdf
15;;8720195286943.0;901620000500 | labels tbv 1620000500;653.0;500.0;202011726_layout_61.pdf
16;;8720195286943.0;901620000500 | labels tbv 1620000500;654.0;500.0;202011726_layout_61.pdf
17;;8720195286943.0;901620000500 | labels tbv 1620000500;655.0;500.0;202011726_layout_61.pdf
18;;8720195286943.0;901620000500 | labels tbv 1620000500;656.0;500.0;202011726_layout_61.pdf
19;;8720195286943.0;901620000500 | labels tbv 1620000500;657.0;500.0;202011726_layout_61.pdf
20;;8720195286943.0;901620000500 | labels tbv 1620000500;658.0;500.0;202011726_layout_61.pdf
21;;8720195286943.0;901620000500 | labels tbv 1620000500;659.0;500.0;202011726_layout_61.pdf
22;;8720195286943.0;901620000500 | labels tbv 1620000500;660.0;500.0;202011726_layout_61.pdf
23;;8720195286943.0;901620000500 | labels tbv 1620000500;661.0;500.0;202011726_layout_61.pdf
24;;8720195286943.0;901620000500 | labels tbv 1620000500;662.0;500.0;202011726_layout_61.pdf
25;;8720195286943.0;901620000500 | labels tbv 1620000500;663.0;500.0;202011726_layout_61.pdf
26;;8720195286943.0;901620000500 | labels tbv 1620000500;664.0;500.0;202011726_layout_61.pdf
27;;8720195286943.0;901620000500 | labels tbv 1620000500;665.0;500.0;202011726_layout_61.pdf
28;;8720195286943.0;901620000500 | labels tbv 1620000500;666.0;500.0;202011726_layout_61.pdf
0;202011726_inschiet_baan_24 | 14500 etiketten;;;;;
0;;8720195286943.0;901620000500 | labels tbv 1620000500;667.0;500.0;202011726_layout_61.pdf
1;;8720195286950.0;901620000550 | labels tbv 1620000550;668.0;500.0;202011726_layout_62.pdf
2;;8720195286950.0;901620000550 | labels tbv 1620000550;669.0;500.0;202011726_layout_62.pdf
3;;8720195286950.0;901620000550 | labels tbv 1620000550;670.0;500.0;202011726_layout_62.pdf
4;;8720195286950.0;901620000550 | labels tbv 1620000550;671.0;500.0;202011726_layout_62.pdf
5;;8720195286967.0;901620000600 | labels tbv 1620000600;672.0;500.0;202011726_layout_63.pdf
6;;8720195286967.0;901620000600 | labels tbv 1620000600;673.0;500.0;202011726_layout_63.pdf
7;;8720195286967.0;901620000600 | labels tbv 1620000600;674.0;500.0;202011726_layout_63.pdf
8;;8720195286967.0;901620000600 | labels tbv 1620000600;675.0;500.0;202011726_layout_63.pdf
9;;8720195286974.0;901631000200 | labels tbv 1631000200;676.0;500.0;202011726_layout_64.pdf
10;;8720195286974.0;901631000200 | labels tbv 1631000200;677.0;500.0;202011726_layout_64.pdf
11;;8720195286974.0;901631000200 | labels tbv 1631000200;678.0;500.0;202011726_layout_64.pdf
12;;8720195286974.0;901631000200 | labels tbv 1631000200;679.0;500.0;202011726_layout_64.pdf
13;;8720195286974.0;901631000200 | labels tbv 1631000200;680.0;500.0;202011726_layout_64.pdf
14;;8720195286974.0;901631000200 | labels tbv 1631000200;681.0;500.0;202011726_layout_64.pdf
15;;8720195286974.0;901631000200 | labels tbv 1631000200;682.0;500.0;202011726_layout_64.pdf
16;;8720195286974.0;901631000200 | labels tbv 1631000200;683.0;500.0;202011726_layout_64.pdf
17;;8720195286974.0;901631000200 | labels tbv 1631000200;684.0;500.0;202011726_layout_64.pdf
18;;8720195286974.0;901631000200 | labels tbv 1631000200;685.0;500.0;202011726_layout_64.pdf
19;;8720195286974.0;901631000200 | labels tbv 1631000200;686.0;500.0;202011726_layout_64.pdf
20;;8720195286974.0;901631000200 | labels tbv 1631000200;687.0;500.0;202011726_layout_64.pdf
21;;8720195286974.0;901631000200 | labels tbv 1631000200;688.0;500.0;202011726_layout_64.pdf
22;;8720195286974.0;901631000200 | labels tbv 1631000200;689.0;500.0;202011726_layout_64.pdf
23;;8720195286974.0;901631000200 | labels tbv 1631000200;690.0;500.0;202011726_layout_64.pdf
24;;8720195286974.0;901631000200 | labels tbv 1631000200;691.0;500.0;202011726_layout_64.pdf
25;;8720195286974.0;901631000200 | labels tbv 1631000200;692.0;500.0;202011726_layout_64.pdf
26;;8720195286974.0;901631000200 | labels tbv 1631000200;693.0;500.0;202011726_layout_64.pdf
27;;8720195286974.0;901631000200 | labels tbv 1631000200;694.0;500.0;202011726_layout_64.pdf
28;;8720195286974.0;901631000200 | labels tbv 1631000200;695.0;500.0;202011726_layout_64.pdf
0;202011726_inschiet_baan_25 | 14500 etiketten;;;;;
0;;8720195286974.0;901631000200 | labels tbv 1631000200;696.0;500.0;202011726_layout_64.pdf
1;;8720195286974.0;901631000200 | labels tbv 1631000200;697.0;500.0;202011726_layout_64.pdf
2;;8720195286974.0;901631000200 | labels tbv 1631000200;698.0;500.0;202011726_layout_64.pdf
3;;8720195286974.0;901631000200 | labels tbv 1631000200;699.0;500.0;202011726_layout_64.pdf
4;;8720195286974.0;901631000200 | labels tbv 1631000200;700.0;500.0;202011726_layout_64.pdf
5;;8720195286974.0;901631000200 | labels tbv 1631000200;701.0;500.0;202011726_layout_64.pdf
6;;8720195286974.0;901631000200 | labels tbv 1631000200;702.0;500.0;202011726_layout_64.pdf
7;;8720195286974.0;901631000200 | labels tbv 1631000200;703.0;500.0;202011726_layout_64.pdf
8;;8720195286974.0;901631000200 | labels tbv 1631000200;704.0;500.0;202011726_layout_64.pdf
9;;8720195286974.0;901631000200 | labels tbv 1631000200;705.0;500.0;202011726_layout_64.pdf
10;;8720195286974.0;901631000200 | labels tbv 1631000200;706.0;500.0;202011726_layout_64.pdf
11;;8720195286974.0;901631000200 | labels tbv 1631000200;707.0;500.0;202011726_layout_64.pdf
12;;8720195286974.0;901631000200 | labels tbv 1631000200;708.0;500.0;202011726_layout_64.pdf
13;;8720195286974.0;901631000200 | labels tbv 1631000200;709.0;500.0;202011726_layout_64.pdf
14;;8720195286974.0;901631000200 | labels tbv 1631000200;710.0;500.0;202011726_layout_64.pdf
15;;8720195286974.0;901631000200 | labels tbv 1631000200;711.0;500.0;202011726_layout_64.pdf
16;;8720195286974.0;901631000200 | labels tbv 1631000200;712.0;500.0;202011726_layout_64.pdf
17;;8720195286974.0;901631000200 | labels tbv 1631000200;713.0;500.0;202011726_layout_64.pdf
18;;8720195286974.0;901631000200 | labels tbv 1631000200;714.0;500.0;202011726_layout_64.pdf
19;;8720195286974.0;901631000200 | labels tbv 1631000200;715.0;500.0;202011726_layout_64.pdf
20;;8720195286974.0;901631000200 | labels tbv 1631000200;716.0;500.0;202011726_layout_64.pdf
21;;8720195286974.0;901631000200 | labels tbv 1631000200;717.0;500.0;202011726_layout_64.pdf
22;;8720195286974.0;901631000200 | labels tbv 1631000200;718.0;500.0;202011726_layout_64.pdf
23;;8720195286974.0;901631000200 | labels tbv 1631000200;719.0;500.0;202011726_layout_64.pdf
24;;8720195286974.0;901631000200 | labels tbv 1631000200;720.0;500.0;202011726_layout_64.pdf
25;;8720195286974.0;901631000200 | labels tbv 1631000200;721.0;500.0;202011726_layout_64.pdf
26;;8720195286974.0;901631000200 | labels tbv 1631000200;722.0;500.0;202011726_layout_64.pdf
27;;8720195286974.0;901631000200 | labels tbv 1631000200;723.0;500.0;202011726_layout_64.pdf
28;;8720195286974.0;901631000200 | labels tbv 1631000200;724.0;500.0;202011726_layout_64.pdf
0;202011726_inschiet_baan_26 | 14500 etiketten;;;;;
0;;8720195286974.0;901631000200 | labels tbv 1631000200;725.0;500.0;202011726_layout_64.pdf
1;;8720195286974.0;901631000200 | labels tbv 1631000200;726.0;500.0;202011726_layout_64.pdf
2;;8720195286974.0;901631000200 | labels tbv 1631000200;727.0;500.0;202011726_layout_64.pdf
3;;8720195286974.0;901631000200 | labels tbv 1631000200;728.0;500.0;202011726_layout_64.pdf
4;;8720195286974.0;901631000200 | labels tbv 1631000200;729.0;500.0;202011726_layout_64.pdf
5;;8720195286981.0;901631000250 | labels tbv 1631000250;730.0;500.0;202011726_layout_65.pdf
6;;8720195286981.0;901631000250 | labels tbv 1631000250;731.0;500.0;202011726_layout_65.pdf
7;;8720195286981.0;901631000250 | labels tbv 1631000250;732.0;500.0;202011726_layout_65.pdf
8;;8720195286981.0;901631000250 | labels tbv 1631000250;733.0;500.0;202011726_layout_65.pdf
9;;8720195286998.0;901631000275 | labels tbv 1631000275;734.0;500.0;202011726_layout_66.pdf
10;;8720195286998.0;901631000275 | labels tbv 1631000275;735.0;500.0;202011726_layout_66.pdf
11;;8720195286998.0;901631000275 | labels tbv 1631000275;736.0;500.0;202011726_layout_66.pdf
12;;8720195286998.0;901631000275 | labels tbv 1631000275;737.0;500.0;202011726_layout_66.pdf
13;;8720195286998.0;901631000275 | labels tbv 1631000275;738.0;500.0;202011726_layout_66.pdf
14;;8720195286998.0;901631000275 | labels tbv 1631000275;739.0;500.0;202011726_layout_66.pdf
15;;8720195286998.0;901631000275 | labels tbv 1631000275;740.0;500.0;202011726_layout_66.pdf
16;;8720195286998.0;901631000275 | labels tbv 1631000275;741.0;500.0;202011726_layout_66.pdf
17;;8720195286998.0;901631000275 | labels tbv 1631000275;742.0;500.0;202011726_layout_66.pdf
18;;8720195286998.0;901631000275 | labels tbv 1631000275;743.0;500.0;202011726_layout_66.pdf
19;;8720195286998.0;901631000275 | labels tbv 1631000275;744.0;500.0;202011726_layout_66.pdf
20;;8720195286998.0;901631000275 | labels tbv 1631000275;745.0;500.0;202011726_layout_66.pdf
21;;8720195286998.0;901631000275 | labels tbv 1631000275;746.0;500.0;202011726_layout_66.pdf
22;;8720195286998.0;901631000275 | labels tbv 1631000275;747.0;500.0;202011726_layout_66.pdf
23;;8720195287001.0;901631000300 | labels tbv 1631000300;748.0;500.0;202011726_layout_67.pdf
24;;8720195287001.0;901631000300 | labels tbv 1631000300;749.0;500.0;202011726_layout_67.pdf
25;;8720195287001.0;901631000300 | labels tbv 1631000300;750.0;500.0;202011726_layout_67.pdf
26;;8720195287001.0;901631000300 | labels tbv 1631000300;751.0;500.0;202011726_layout_67.pdf
27;;8720195287001.0;901631000300 | labels tbv 1631000300;752.0;500.0;202011726_layout_67.pdf
28;;8720195287001.0;901631000300 | labels tbv 1631000300;753.0;500.0;202011726_layout_67.pdf
0;202011726_inschiet_baan_27 | 14500 etiketten;;;;;
0;;8720195287001.0;901631000300 | labels tbv 1631000300;754.0;500.0;202011726_layout_67.pdf
1;;8720195287001.0;901631000300 | labels tbv 1631000300;755.0;500.0;202011726_layout_67.pdf
2;;8720195287018.0;901631000375 | labels tbv 1631000375;756.0;500.0;202011726_layout_68.pdf
3;;8720195287018.0;901631000375 | labels tbv 1631000375;757.0;500.0;202011726_layout_68.pdf
4;;8720195287025.0;901631001200 | labels tbv 1631001200;758.0;500.0;202011726_layout_69.pdf
5;;8720195287025.0;901631001200 | labels tbv 1631001200;759.0;500.0;202011726_layout_69.pdf
6;;8720195287025.0;901631001200 | labels tbv 1631001200;760.0;500.0;202011726_layout_69.pdf
7;;8720195287025.0;901631001200 | labels tbv 1631001200;761.0;500.0;202011726_layout_69.pdf
8;;8720195287025.0;901631001200 | labels tbv 1631001200;762.0;500.0;202011726_layout_69.pdf
9;;8720195287025.0;901631001200 | labels tbv 1631001200;763.0;500.0;202011726_layout_69.pdf
10;;8720195287025.0;901631001200 | labels tbv 1631001200;764.0;500.0;202011726_layout_69.pdf
11;;8720195287025.0;901631001200 | labels tbv 1631001200;765.0;500.0;202011726_layout_69.pdf
12;;8720195287025.0;901631001200 | labels tbv 1631001200;766.0;500.0;202011726_layout_69.pdf
13;;8720195287025.0;901631001200 | labels tbv 1631001200;767.0;500.0;202011726_layout_69.pdf
14;;8720195287025.0;901631001200 | labels tbv 1631001200;768.0;500.0;202011726_layout_69.pdf
15;;8720195287025.0;901631001200 | labels tbv 1631001200;769.0;500.0;202011726_layout_69.pdf
16;;8720195287025.0;901631001200 | labels tbv 1631001200;770.0;500.0;202011726_layout_69.pdf
17;;8720195287025.0;901631001200 | labels tbv 1631001200;771.0;500.0;202011726_layout_69.pdf
18;;8720195287025.0;901631001200 | labels tbv 1631001200;772.0;500.0;202011726_layout_69.pdf
19;;8720195287025.0;901631001200 | labels tbv 1631001200;773.0;500.0;202011726_layout_69.pdf
20;;8720195287025.0;901631001200 | labels tbv 1631001200;774.0;500.0;202011726_layout_69.pdf
21;;8720195287025.0;901631001200 | labels tbv 1631001200;775.0;500.0;202011726_layout_69.pdf
22;;8720195287025.0;901631001200 | labels tbv 1631001200;776.0;500.0;202011726_layout_69.pdf
23;;8720195287025.0;901631001200 | labels tbv 1631001200;777.0;500.0;202011726_layout_69.pdf
24;;8720195287025.0;901631001200 | labels tbv 1631001200;778.0;500.0;202011726_layout_69.pdf
25;;8720195287025.0;901631001200 | labels tbv 1631001200;779.0;500.0;202011726_layout_69.pdf
26;;8720195287025.0;901631001200 | labels tbv 1631001200;780.0;500.0;202011726_layout_69.pdf
27;;8720195287025.0;901631001200 | labels tbv 1631001200;781.0;500.0;202011726_layout_69.pdf
28;;8720195287025.0;901631001200 | labels tbv 1631001200;782.0;500.0;202011726_layout_69.pdf
0;202011726_inschiet_baan_28 | 14500 etiketten;;;;;
0;;8720195287025.0;901631001200 | labels tbv 1631001200;783.0;500.0;202011726_layout_69.pdf
1;;8720195287025.0;901631001200 | labels tbv 1631001200;784.0;500.0;202011726_layout_69.pdf
2;;8720195287025.0;901631001200 | labels tbv 1631001200;785.0;500.0;202011726_layout_69.pdf
3;;8720195287025.0;901631001200 | labels tbv 1631001200;786.0;500.0;202011726_layout_69.pdf
4;;8720195287025.0;901631001200 | labels tbv 1631001200;787.0;500.0;202011726_layout_69.pdf
5;;8720195287025.0;901631001200 | labels tbv 1631001200;788.0;500.0;202011726_layout_69.pdf
6;;8720195287025.0;901631001200 | labels tbv 1631001200;789.0;500.0;202011726_layout_69.pdf
7;;8720195287025.0;901631001200 | labels tbv 1631001200;790.0;500.0;202011726_layout_69.pdf
8;;8720195287025.0;901631001200 | labels tbv 1631001200;791.0;500.0;202011726_layout_69.pdf
9;;8720195287025.0;901631001200 | labels tbv 1631001200;792.0;500.0;202011726_layout_69.pdf
10;;8720195287025.0;901631001200 | labels tbv 1631001200;793.0;500.0;202011726_layout_69.pdf
11;;8720195287025.0;901631001200 | labels tbv 1631001200;794.0;500.0;202011726_layout_69.pdf
12;;8720195287025.0;901631001200 | labels tbv 1631001200;795.0;500.0;202011726_layout_69.pdf
13;;8720195287025.0;901631001200 | labels tbv 1631001200;796.0;500.0;202011726_layout_69.pdf
14;;8720195287025.0;901631001200 | labels tbv 1631001200;797.0;500.0;202011726_layout_69.pdf
15;;8720195287025.0;901631001200 | labels tbv 1631001200;798.0;500.0;202011726_layout_69.pdf
16;;8720195287025.0;901631001200 | labels tbv 1631001200;799.0;500.0;202011726_layout_69.pdf
17;;8720195287025.0;901631001200 | labels tbv 1631001200;800.0;500.0;202011726_layout_69.pdf
18;;8720195287025.0;901631001200 | labels tbv 1631001200;801.0;500.0;202011726_layout_69.pdf
19;;8720195287025.0;901631001200 | labels tbv 1631001200;802.0;500.0;202011726_layout_69.pdf
20;;8720195287025.0;901631001200 | labels tbv 1631001200;803.0;500.0;202011726_layout_69.pdf
21;;8720195287025.0;901631001200 | labels tbv 1631001200;804.0;500.0;202011726_layout_69.pdf
22;;8720195287025.0;901631001200 | labels tbv 1631001200;805.0;500.0;202011726_layout_69.pdf
23;;8720195287025.0;901631001200 | labels tbv 1631001200;806.0;500.0;202011726_layout_69.pdf
24;;8720195287025.0;901631001200 | labels tbv 1631001200;807.0;500.0;202011726_layout_69.pdf
25;;8720195287025.0;901631001200 | labels tbv 1631001200;808.0;500.0;202011726_layout_69.pdf
26;;8720195287025.0;901631001200 | labels tbv 1631001200;809.0;500.0;202011726_layout_69.pdf
27;;8720195287025.0;901631001200 | labels tbv 1631001200;810.0;500.0;202011726_layout_69.pdf
28;;8720195287025.0;901631001200 | labels tbv 1631001200;811.0;500.0;202011726_layout_69.pdf
0;202011726_inschiet_baan_29 | 14500 etiketten;;;;;
0;;8720195287025.0;901631001200 | labels tbv 1631001200;812.0;500.0;202011726_layout_69.pdf
1;;8720195287025.0;901631001200 | labels tbv 1631001200;813.0;500.0;202011726_layout_69.pdf
2;;8720195287025.0;901631001200 | labels tbv 1631001200;814.0;500.0;202011726_layout_69.pdf
3;;8720195287025.0;901631001200 | labels tbv 1631001200;815.0;500.0;202011726_layout_69.pdf
4;;8720195287025.0;901631001200 | labels tbv 1631001200;816.0;500.0;202011726_layout_69.pdf
5;;8720195287025.0;901631001200 | labels tbv 1631001200;817.0;500.0;202011726_layout_69.pdf
6;;8720195287025.0;901631001200 | labels tbv 1631001200;818.0;500.0;202011726_layout_69.pdf
7;;8720195287025.0;901631001200 | labels tbv 1631001200;819.0;500.0;202011726_layout_69.pdf
8;;8720195287025.0;901631001200 | labels tbv 1631001200;820.0;500.0;202011726_layout_69.pdf
9;;8720195287025.0;901631001200 | labels tbv 1631001200;821.0;500.0;202011726_layout_69.pdf
10;;8720195287025.0;901631001200 | labels tbv 1631001200;822.0;500.0;202011726_layout_69.pdf
11;;8720195287025.0;901631001200 | labels tbv 1631001200;823.0;500.0;202011726_layout_69.pdf
12;;8720195287025.0;901631001200 | labels tbv 1631001200;824.0;500.0;202011726_layout_69.pdf
13;;8720195287025.0;901631001200 | labels tbv 1631001200;825.0;500.0;202011726_layout_69.pdf
14;;8720195287025.0;901631001200 | labels tbv 1631001200;826.0;500.0;202011726_layout_69.pdf
15;;8720195287025.0;901631001200 | labels tbv 1631001200;827.0;500.0;202011726_layout_69.pdf
16;;8720195287025.0;901631001200 | labels tbv 1631001200;828.0;500.0;202011726_layout_69.pdf
17;;8720195287025.0;901631001200 | labels tbv 1631001200;829.0;500.0;202011726_layout_69.pdf
18;;8720195287025.0;901631001200 | labels tbv 1631001200;830.0;500.0;202011726_layout_69.pdf
19;;8720195287025.0;901631001200 | labels tbv 1631001200;831.0;500.0;202011726_layout_69.pdf
20;;8720195287025.0;901631001200 | labels tbv 1631001200;832.0;500.0;202011726_layout_69.pdf
21;;8720195287025.0;901631001200 | labels tbv 1631001200;833.0;500.0;202011726_layout_69.pdf
22;;8720195287025.0;901631001200 | labels tbv 1631001200;834.0;500.0;202011726_layout_69.pdf
23;;8720195287025.0;901631001200 | labels tbv 1631001200;835.0;500.0;202011726_layout_69.pdf
24;;8720195287025.0;901631001200 | labels tbv 1631001200;836.0;500.0;202011726_layout_69.pdf
25;;8720195287025.0;901631001200 | labels tbv 1631001200;837.0;500.0;202011726_layout_69.pdf
26;;8720195287025.0;901631001200 | labels tbv 1631001200;838.0;500.0;202011726_layout_69.pdf
27;;8720195287025.0;901631001200 | labels tbv 1631001200;839.0;500.0;202011726_layout_69.pdf
28;;8720195287025.0;901631001200 | labels tbv 1631001200;840.0;500.0;202011726_layout_69.pdf
0;202011726_inschiet_baan_30 | 14500 etiketten;;;;;
0;;8720195287025.0;901631001200 | labels tbv 1631001200;841.0;500.0;202011726_layout_69.pdf
1;;8720195287025.0;901631001200 | labels tbv 1631001200;842.0;500.0;202011726_layout_69.pdf
2;;8720195287025.0;901631001200 | labels tbv 1631001200;843.0;500.0;202011726_layout_69.pdf
3;;8720195287025.0;901631001200 | labels tbv 1631001200;844.0;500.0;202011726_layout_69.pdf
4;;8720195287025.0;901631001200 | labels tbv 1631001200;845.0;500.0;202011726_layout_69.pdf
5;;8720195287025.0;901631001200 | labels tbv 1631001200;846.0;500.0;202011726_layout_69.pdf
6;;8720195287025.0;901631001200 | labels tbv 1631001200;847.0;500.0;202011726_layout_69.pdf
7;;8720195287025.0;901631001200 | labels tbv 1631001200;848.0;500.0;202011726_layout_69.pdf
8;;8720195287025.0;901631001200 | labels tbv 1631001200;849.0;500.0;202011726_layout_69.pdf
9;;8720195287025.0;901631001200 | labels tbv 1631001200;850.0;500.0;202011726_layout_69.pdf
10;;8720195287025.0;901631001200 | labels tbv 1631001200;851.0;500.0;202011726_layout_69.pdf
11;;8720195287025.0;901631001200 | labels tbv 1631001200;852.0;500.0;202011726_layout_69.pdf
12;;8720195287025.0;901631001200 | labels tbv 1631001200;853.0;500.0;202011726_layout_69.pdf
13;;8720195287025.0;901631001200 | labels tbv 1631001200;854.0;500.0;202011726_layout_69.pdf
14;;8720195287025.0;901631001200 | labels tbv 1631001200;855.0;500.0;202011726_layout_69.pdf
15;;8720195287025.0;901631001200 | labels tbv 1631001200;856.0;500.0;202011726_layout_69.pdf
16;;8720195287025.0;901631001200 | labels tbv 1631001200;857.0;500.0;202011726_layout_69.pdf
17;;8720195287025.0;901631001200 | labels tbv 1631001200;858.0;500.0;202011726_layout_69.pdf
18;;8720195287025.0;901631001200 | labels tbv 1631001200;859.0;500.0;202011726_layout_69.pdf
19;;8720195287025.0;901631001200 | labels tbv 1631001200;860.0;500.0;202011726_layout_69.pdf
20;;8720195287025.0;901631001200 | labels tbv 1631001200;861.0;500.0;202011726_layout_69.pdf
21;;8720195287025.0;901631001200 | labels tbv 1631001200;862.0;500.0;202011726_layout_69.pdf
22;;8720195287025.0;901631001200 | labels tbv 1631001200;863.0;500.0;202011726_layout_69.pdf
23;;8720195287025.0;901631001200 | labels tbv 1631001200;864.0;500.0;202011726_layout_69.pdf
24;;8720195287025.0;901631001200 | labels tbv 1631001200;865.0;500.0;202011726_layout_69.pdf
25;;8720195287025.0;901631001200 | labels tbv 1631001200;866.0;500.0;202011726_layout_69.pdf
26;;8720195287025.0;901631001200 | labels tbv 1631001200;867.0;500.0;202011726_layout_69.pdf
27;;8720195287025.0;901631001200 | labels tbv 1631001200;868.0;500.0;202011726_layout_69.pdf
28;;8720195287025.0;901631001200 | labels tbv 1631001200;869.0;500.0;202011726_layout_69.pdf
0;202011726_inschiet_baan_31 | 14500 etiketten;;;;;
0;;8720195287025.0;901631001200 | labels tbv 1631001200;870.0;500.0;202011726_layout_69.pdf
1;;8720195287025.0;901631001200 | labels tbv 1631001200;871.0;500.0;202011726_layout_69.pdf
2;;8720195287025.0;901631001200 | labels tbv 1631001200;872.0;500.0;202011726_layout_69.pdf
3;;8720195287025.0;901631001200 | labels tbv 1631001200;873.0;500.0;202011726_layout_69.pdf
4;;8720195287025.0;901631001200 | labels tbv 1631001200;874.0;500.0;202011726_layout_69.pdf
5;;8720195287025.0;901631001200 | labels tbv 1631001200;875.0;500.0;202011726_layout_69.pdf
6;;8720195287025.0;901631001200 | labels tbv 1631001200;876.0;500.0;202011726_layout_69.pdf
7;;8720195287025.0;901631001200 | labels tbv 1631001200;877.0;500.0;202011726_layout_69.pdf
8;;8720195287025.0;901631001200 | labels tbv 1631001200;878.0;500.0;202011726_layout_69.pdf
9;;8720195287025.0;901631001200 | labels tbv 1631001200;879.0;500.0;202011726_layout_69.pdf
10;;8720195287025.0;901631001200 | labels tbv 1631001200;880.0;500.0;202011726_layout_69.pdf
11;;8720195287025.0;901631001200 | labels tbv 1631001200;881.0;500.0;202011726_layout_69.pdf
12;;8720195287025.0;901631001200 | labels tbv 1631001200;882.0;500.0;202011726_layout_69.pdf
13;;8720195287025.0;901631001200 | labels tbv 1631001200;883.0;500.0;202011726_layout_69.pdf
14;;8720195287025.0;901631001200 | labels tbv 1631001200;884.0;500.0;202011726_layout_69.pdf
15;;8720195287025.0;901631001200 | labels tbv 1631001200;885.0;500.0;202011726_layout_69.pdf
16;;8720195287025.0;901631001200 | labels tbv 1631001200;886.0;500.0;202011726_layout_69.pdf
17;;8720195287025.0;901631001200 | labels tbv 1631001200;887.0;500.0;202011726_layout_69.pdf
18;;8720195287025.0;901631001200 | labels tbv 1631001200;888.0;500.0;202011726_layout_69.pdf
19;;8720195287025.0;901631001200 | labels tbv 1631001200;889.0;500.0;202011726_layout_69.pdf
20;;8720195287025.0;901631001200 | labels tbv 1631001200;890.0;500.0;202011726_layout_69.pdf
21;;8720195287025.0;901631001200 | labels tbv 1631001200;891.0;500.0;202011726_layout_69.pdf
22;;8720195287025.0;901631001200 | labels tbv 1631001200;892.0;500.0;202011726_layout_69.pdf
23;;8720195287025.0;901631001200 | labels tbv 1631001200;893.0;500.0;202011726_layout_69.pdf
24;;8720195287025.0;901631001200 | labels tbv 1631001200;894.0;500.0;202011726_layout_69.pdf
25;;8720195287025.0;901631001200 | labels tbv 1631001200;895.0;500.0;202011726_layout_69.pdf
26;;8720195287025.0;901631001200 | labels tbv 1631001200;896.0;500.0;202011726_layout_69.pdf
27;;8720195287025.0;901631001200 | labels tbv 1631001200;897.0;500.0;202011726_layout_69.pdf
28;;8720195287025.0;901631001200 | labels tbv 1631001200;898.0;500.0;202011726_layout_69.pdf
0;202011726_inschiet_baan_32 | 14500 etiketten;;;;;
0;;8720195287025.0;901631001200 | labels tbv 1631001200;899.0;500.0;202011726_layout_69.pdf
1;;8720195287025.0;901631001200 | labels tbv 1631001200;900.0;500.0;202011726_layout_69.pdf
2;;8720195287025.0;901631001200 | labels tbv 1631001200;901.0;500.0;202011726_layout_69.pdf
3;;8720195287025.0;901631001200 | labels tbv 1631001200;902.0;500.0;202011726_layout_69.pdf
4;;8720195287025.0;901631001200 | labels tbv 1631001200;903.0;500.0;202011726_layout_69.pdf
5;;8720195287025.0;901631001200 | labels tbv 1631001200;904.0;500.0;202011726_layout_69.pdf
6;;8720195287025.0;901631001200 | labels tbv 1631001200;905.0;500.0;202011726_layout_69.pdf
7;;8720195287025.0;901631001200 | labels tbv 1631001200;906.0;500.0;202011726_layout_69.pdf
8;;8720195287025.0;901631001200 | labels tbv 1631001200;907.0;500.0;202011726_layout_69.pdf
9;;8720195287025.0;901631001200 | labels tbv 1631001200;908.0;500.0;202011726_layout_69.pdf
10;;8720195287025.0;901631001200 | labels tbv 1631001200;909.0;500.0;202011726_layout_69.pdf
11;;8720195287025.0;901631001200 | labels tbv 1631001200;910.0;500.0;202011726_layout_69.pdf
12;;8720195287025.0;901631001200 | labels tbv 1631001200;911.0;500.0;202011726_layout_69.pdf
13;;8720195287025.0;901631001200 | labels tbv 1631001200;912.0;500.0;202011726_layout_69.pdf
14;;8720195287025.0;901631001200 | labels tbv 1631001200;913.0;500.0;202011726_layout_69.pdf
15;;8720195287025.0;901631001200 | labels tbv 1631001200;914.0;500.0;202011726_layout_69.pdf
16;;8720195287025.0;901631001200 | labels tbv 1631001200;915.0;500.0;202011726_layout_69.pdf
17;;8720195287025.0;901631001200 | labels tbv 1631001200;916.0;500.0;202011726_layout_69.pdf
18;;8720195287025.0;901631001200 | labels tbv 1631001200;917.0;500.0;202011726_layout_69.pdf
19;;8720195287025.0;901631001200 | labels tbv 1631001200;918.0;500.0;202011726_layout_69.pdf
20;;8720195287025.0;901631001200 | labels tbv 1631001200;919.0;500.0;202011726_layout_69.pdf
21;;8720195287032.0;901631001300 | labels tbv 1631001300;920.0;500.0;202011726_layout_70.pdf
22;;8720195287032.0;901631001300 | labels tbv 1631001300;921.0;500.0;202011726_layout_70.pdf
23;;8720195287032.0;901631001300 | labels tbv 1631001300;922.0;500.0;202011726_layout_70.pdf
24;;8720195287032.0;901631001300 | labels tbv 1631001300;923.0;500.0;202011726_layout_70.pdf
25;;8720195287032.0;901631001300 | labels tbv 1631001300;924.0;500.0;202011726_layout_70.pdf
26;;8720195287032.0;901631001300 | labels tbv 1631001300;925.0;500.0;202011726_layout_70.pdf
27;;8720195287032.0;901631001300 | labels tbv 1631001300;926.0;500.0;202011726_layout_70.pdf
28;;8720195287032.0;901631001300 | labels tbv 1631001300;927.0;500.0;202011726_layout_70.pdf
0;202011726_inschiet_baan_33 | 14500 etiketten;;;;;
0;;8720195287032.0;901631001300 | labels tbv 1631001300;928.0;500.0;202011726_layout_70.pdf
1;;8720195287032.0;901631001300 | labels tbv 1631001300;929.0;500.0;202011726_layout_70.pdf
2;;8720195287032.0;901631001300 | labels tbv 1631001300;930.0;500.0;202011726_layout_70.pdf
3;;8720195287032.0;901631001300 | labels tbv 1631001300;931.0;500.0;202011726_layout_70.pdf
4;;8720195287049.0;901640000200 | labels tbv 1640000200;932.0;500.0;202011726_layout_71.pdf
5;;8720195287049.0;901640000200 | labels tbv 1640000200;933.0;500.0;202011726_layout_71.pdf
6;;8720195287049.0;901640000200 | labels tbv 1640000200;934.0;500.0;202011726_layout_71.pdf
7;;8720195287049.0;901640000200 | labels tbv 1640000200;935.0;500.0;202011726_layout_71.pdf
8;;8720195287049.0;901640000200 | labels tbv 1640000200;936.0;500.0;202011726_layout_71.pdf
9;;8720195287049.0;901640000200 | labels tbv 1640000200;937.0;500.0;202011726_layout_71.pdf
10;;8720195287049.0;901640000200 | labels tbv 1640000200;938.0;500.0;202011726_layout_71.pdf
11;;8720195287049.0;901640000200 | labels tbv 1640000200;939.0;500.0;202011726_layout_71.pdf
12;;8720195287049.0;901640000200 | labels tbv 1640000200;940.0;500.0;202011726_layout_71.pdf
13;;8720195287049.0;901640000200 | labels tbv 1640000200;941.0;500.0;202011726_layout_71.pdf
14;;8720195287049.0;901640000200 | labels tbv 1640000200;942.0;500.0;202011726_layout_71.pdf
15;;8720195287049.0;901640000200 | labels tbv 1640000200;943.0;500.0;202011726_layout_71.pdf
16;;8720195287049.0;901640000200 | labels tbv 1640000200;944.0;500.0;202011726_layout_71.pdf
17;;8720195287049.0;901640000200 | labels tbv 1640000200;945.0;500.0;202011726_layout_71.pdf
18;;8720195287049.0;901640000200 | labels tbv 1640000200;946.0;500.0;202011726_layout_71.pdf
19;;8720195287049.0;901640000200 | labels tbv 1640000200;947.0;500.0;202011726_layout_71.pdf
20;;8720195287049.0;901640000200 | labels tbv 1640000200;948.0;500.0;202011726_layout_71.pdf
21;;8720195287049.0;901640000200 | labels tbv 1640000200;949.0;500.0;202011726_layout_71.pdf
22;;8720195287049.0;901640000200 | labels tbv 1640000200;950.0;500.0;202011726_layout_71.pdf
23;;8720195287049.0;901640000200 | labels tbv 1640000200;951.0;500.0;202011726_layout_71.pdf
24;;8720195287049.0;901640000200 | labels tbv 1640000200;952.0;500.0;202011726_layout_71.pdf
25;;8720195287049.0;901640000200 | labels tbv 1640000200;953.0;500.0;202011726_layout_71.pdf
26;;8720195287049.0;901640000200 | labels tbv 1640000200;954.0;500.0;202011726_layout_71.pdf
27;;8720195287049.0;901640000200 | labels tbv 1640000200;955.0;500.0;202011726_layout_71.pdf
28;;8720195287049.0;901640000200 | labels tbv 1640000200;956.0;500.0;202011726_layout_71.pdf
0;202011726_inschiet_baan_34 | 14500 etiketten;;;;;
0;;8720195287049.0;901640000200 | labels tbv 1640000200;957.0;500.0;202011726_layout_71.pdf
1;;8720195287049.0;901640000200 | labels tbv 1640000200;958.0;500.0;202011726_layout_71.pdf
2;;8720195287049.0;901640000200 | labels tbv 1640000200;959.0;500.0;202011726_layout_71.pdf
3;;8720195287056.0;901640000301 | labels tbv 1640000301;960.0;500.0;202011726_layout_72.pdf
4;;8720195287056.0;901640000301 | labels tbv 1640000301;961.0;500.0;202011726_layout_72.pdf
5;;8720195287056.0;901640000301 | labels tbv 1640000301;962.0;500.0;202011726_layout_72.pdf
6;;8720195287056.0;901640000301 | labels tbv 1640000301;963.0;500.0;202011726_layout_72.pdf
7;;8720195287063.0;901640000700 | labels tbv 1640000700;964.0;500.0;202011726_layout_73.pdf
8;;8720195287063.0;901640000700 | labels tbv 1640000700;965.0;500.0;202011726_layout_73.pdf
9;;8720195287063.0;901640000700 | labels tbv 1640000700;966.0;500.0;202011726_layout_73.pdf
10;;8720195287063.0;901640000700 | labels tbv 1640000700;967.0;500.0;202011726_layout_73.pdf
11;;8720195287070.0;901640000875 | labels tbv 1640000875;968.0;500.0;202011726_layout_74.pdf
12;;8720195287070.0;901640000875 | labels tbv 1640000875;969.0;500.0;202011726_layout_74.pdf
13;;8720195287087.0;901640001100 | labels tbv 1640001100;970.0;500.0;202011726_layout_75.pdf
14;;8720195287087.0;901640001100 | labels tbv 1640001100;971.0;500.0;202011726_layout_75.pdf
15;;8720195287087.0;901640001100 | labels tbv 1640001100;972.0;500.0;202011726_layout_75.pdf
16;;8720195287087.0;901640001100 | labels tbv 1640001100;973.0;500.0;202011726_layout_75.pdf
17;;8720195287087.0;901640001100 | labels tbv 1640001100;974.0;500.0;202011726_layout_75.pdf
18;;8720195287087.0;901640001100 | labels tbv 1640001100;975.0;500.0;202011726_layout_75.pdf
19;;8720195287087.0;901640001100 | labels tbv 1640001100;976.0;500.0;202011726_layout_75.pdf
20;;8720195287087.0;901640001100 | labels tbv 1640001100;977.0;500.0;202011726_layout_75.pdf
21;;8720195287087.0;901640001100 | labels tbv 1640001100;978.0;500.0;202011726_layout_75.pdf
22;;8720195287087.0;901640001100 | labels tbv 1640001100;979.0;500.0;202011726_layout_75.pdf
23;;8720195287087.0;901640001100 | labels tbv 1640001100;980.0;500.0;202011726_layout_75.pdf
24;;8720195287087.0;901640001100 | labels tbv 1640001100;981.0;500.0;202011726_layout_75.pdf
25;;8720195287087.0;901640001100 | labels tbv 1640001100;982.0;500.0;202011726_layout_75.pdf
26;;8720195287087.0;901640001100 | labels tbv 1640001100;983.0;500.0;202011726_layout_75.pdf
27;;8720195287087.0;901640001100 | labels tbv 1640001100;984.0;500.0;202011726_layout_75.pdf
28;;8720195287087.0;901640001100 | labels tbv 1640001100;985.0;500.0;202011726_layout_75.pdf
0;202011726_inschiet_baan_35 | 14500 etiketten;;;;;
0;;8720195287087.0;901640001100 | labels tbv 1640001100;986.0;500.0;202011726_layout_75.pdf
1;;8720195287087.0;901640001100 | labels tbv 1640001100;987.0;500.0;202011726_layout_75.pdf
2;;8720195287087.0;901640001100 | labels tbv 1640001100;988.0;500.0;202011726_layout_75.pdf
3;;8720195287087.0;901640001100 | labels tbv 1640001100;989.0;500.0;202011726_layout_75.pdf
4;;8720195287087.0;901640001100 | labels tbv 1640001100;990.0;500.0;202011726_layout_75.pdf
5;;8720195287087.0;901640001100 | labels tbv 1640001100;991.0;500.0;202011726_layout_75.pdf
6;;8720195287087.0;901640001100 | labels tbv 1640001100;992.0;500.0;202011726_layout_75.pdf
7;;8720195287087.0;901640001100 | labels tbv 1640001100;993.0;500.0;202011726_layout_75.pdf
8;;8720195287094.0;901640001155 | labels tbv 1640001155;994.0;500.0;202011726_layout_76.pdf
9;;8720195287094.0;901640001155 | labels tbv 1640001155;995.0;500.0;202011726_layout_76.pdf
10;;8720195287094.0;901640001155 | labels tbv 1640001155;996.0;500.0;202011726_layout_76.pdf
11;;8720195287094.0;901640001155 | labels tbv 1640001155;997.0;500.0;202011726_layout_76.pdf
12;;8720195287100.0;901660000507 | labels tbv 1660000507;998.0;500.0;202011726_layout_77.pdf
13;;8720195287100.0;901660000507 | labels tbv 1660000507;999.0;500.0;202011726_layout_77.pdf
14;;8720195287117.0;901660000510 | labels tbv 1660000510;1000.0;500.0;202011726_layout_78.pdf
15;;8720195287117.0;901660000510 | labels tbv 1660000510;1001.0;500.0;202011726_layout_78.pdf
16;;8720195287117.0;901660000510 | labels tbv 1660000510;1002.0;500.0;202011726_layout_78.pdf
17;;8720195287117.0;901660000510 | labels tbv 1660000510;1003.0;500.0;202011726_layout_78.pdf
18;;8720195287117.0;901660000510 | labels tbv 1660000510;1004.0;500.0;202011726_layout_78.pdf
19;;8720195287117.0;901660000510 | labels tbv 1660000510;1005.0;500.0;202011726_layout_78.pdf
20;;8720195287117.0;901660000510 | labels tbv 1660000510;1006.0;500.0;202011726_layout_78.pdf
21;;8720195287117.0;901660000510 | labels tbv 1660000510;1007.0;500.0;202011726_layout_78.pdf
22;;8720195287124.0;901660000520 | labels tbv 1660000520;1008.0;500.0;202011726_layout_79.pdf
23;;8720195287124.0;901660000520 | labels tbv 1660000520;1009.0;500.0;202011726_layout_79.pdf
24;;8720195287124.0;901660000520 | labels tbv 1660000520;1010.0;500.0;202011726_layout_79.pdf
25;;8720195287124.0;901660000520 | labels tbv 1660000520;1011.0;500.0;202011726_layout_79.pdf
26;;8720195287124.0;901660000520 | labels tbv 1660000520;1012.0;500.0;202011726_layout_79.pdf
27;;8720195287124.0;901660000520 | labels tbv 1660000520;1013.0;500.0;202011726_layout_79.pdf
28;;8720195287124.0;901660000520 | labels tbv 1660000520;1014.0;500.0;202011726_layout_79.pdf
0;202011726_inschiet_baan_36 | 8500 etiketten;;;;;
0;;8720195287124.0;901660000520 | labels tbv 1660000520;1015.0;500.0;202011726_layout_79.pdf
1;;8720195287131.0;902810000155 | labels tbv 2810000155;1016.0;500.0;202011726_layout_80.pdf
2;;8720195287131.0;902810000155 | labels tbv 2810000155;1017.0;500.0;202011726_layout_80.pdf
3;;8720195287131.0;902810000155 | labels tbv 2810000155;1018.0;500.0;202011726_layout_80.pdf
4;;8720195287131.0;902810000155 | labels tbv 2810000155;1019.0;500.0;202011726_layout_80.pdf
5;;8720195287131.0;902810000155 | labels tbv 2810000155;1020.0;500.0;202011726_layout_80.pdf
6;;8720195287131.0;902810000155 | labels tbv 2810000155;1021.0;500.0;202011726_layout_80.pdf
7;;8720195287148.0;902810000180 | labels tbv 2810000180;1022.0;500.0;202011726_layout_81.pdf
8;;8720195287148.0;902810000180 | labels tbv 2810000180;1023.0;500.0;202011726_layout_81.pdf
9;;8720195287148.0;902810000180 | labels tbv 2810000180;1024.0;500.0;202011726_layout_81.pdf
10;;8720195287148.0;902810000180 | labels tbv 2810000180;1025.0;500.0;202011726_layout_81.pdf
11;;8720195287148.0;902810000180 | labels tbv 2810000180;1026.0;500.0;202011726_layout_81.pdf
12;;8720195287148.0;902810000180 | labels tbv 2810000180;1027.0;500.0;202011726_layout_81.pdf
13;;8720195287148.0;902810000180 | labels tbv 2810000180;1028.0;500.0;202011726_layout_81.pdf
14;;8720195287148.0;902810000180 | labels tbv 2810000180;1029.0;500.0;202011726_layout_81.pdf
15;;;;1030.0;500.0;leeg.pdf
16;;;;1031.0;500.0;leeg.pdf
