Colorcode;Code;beeld;aantal
900810000100 | labels tbv 0810000100;8720195286349;202011726_layout_1.pdf;500
900810000100 | labels tbv 0810000100;8720195286349;202011726_layout_1.pdf;500
900810000100 | labels tbv 0810000100;8720195286349;202011726_layout_1.pdf;500
900810000100 | labels tbv 0810000100;8720195286349;202011726_layout_1.pdf;500
900810000100 | labels tbv 0810000100;8720195286349;202011726_layout_1.pdf;500
900810000100 | labels tbv 0810000100;8720195286349;202011726_layout_1.pdf;500
900810000100 | labels tbv 0810000100;8720195286349;202011726_layout_1.pdf;500
900810000100 | labels tbv 0810000100;8720195286349;202011726_layout_1.pdf;500
900810000100 | labels tbv 0810000100;8720195286349;202011726_layout_1.pdf;500
900810000100 | labels tbv 0810000100;8720195286349;202011726_layout_1.pdf;500
900810000100 | labels tbv 0810000100;8720195286349;202011726_layout_1.pdf;500
900810000100 | labels tbv 0810000100;8720195286349;202011726_layout_1.pdf;500
900810000100 | labels tbv 0810000100;8720195286349;202011726_layout_1.pdf;500
900810000100 | labels tbv 0810000100;8720195286349;202011726_layout_1.pdf;500
900810000200 | labels tbv 0810000200;8720195286356;202011726_layout_2.pdf;500
900810000200 | labels tbv 0810000200;8720195286356;202011726_layout_2.pdf;500
900810000200 | labels tbv 0810000200;8720195286356;202011726_layout_2.pdf;500
900810000200 | labels tbv 0810000200;8720195286356;202011726_layout_2.pdf;500
900810000200 | labels tbv 0810000200;8720195286356;202011726_layout_2.pdf;500
900810000200 | labels tbv 0810000200;8720195286356;202011726_layout_2.pdf;500
900810000200 | labels tbv 0810000200;8720195286356;202011726_layout_2.pdf;500
900810000200 | labels tbv 0810000200;8720195286356;202011726_layout_2.pdf;500
900810000200 | labels tbv 0810000200;8720195286356;202011726_layout_2.pdf;500
900810000200 | labels tbv 0810000200;8720195286356;202011726_layout_2.pdf;500
900810000200 | labels tbv 0810000200;8720195286356;202011726_layout_2.pdf;500
900810000200 | labels tbv 0810000200;8720195286356;202011726_layout_2.pdf;500
900810000200 | labels tbv 0810000200;8720195286356;202011726_layout_2.pdf;500
900810000200 | labels tbv 0810000200;8720195286356;202011726_layout_2.pdf;500
900810000200 | labels tbv 0810000200;8720195286356;202011726_layout_2.pdf;500
900810000200 | labels tbv 0810000200;8720195286356;202011726_layout_2.pdf;500
900810000200 | labels tbv 0810000200;8720195286356;202011726_layout_2.pdf;500
900810000200 | labels tbv 0810000200;8720195286356;202011726_layout_2.pdf;500
900810000200 | labels tbv 0810000200;8720195286356;202011726_layout_2.pdf;500
900810000200 | labels tbv 0810000200;8720195286356;202011726_layout_2.pdf;500
900810000200 | labels tbv 0810000200;8720195286356;202011726_layout_2.pdf;500
900810000200 | labels tbv 0810000200;8720195286356;202011726_layout_2.pdf;500
900810000200 | labels tbv 0810000200;8720195286356;202011726_layout_2.pdf;500
900810000200 | labels tbv 0810000200;8720195286356;202011726_layout_2.pdf;500
900810000200 | labels tbv 0810000200;8720195286356;202011726_layout_2.pdf;500
900810000200 | labels tbv 0810000200;8720195286356;202011726_layout_2.pdf;500
900810000200 | labels tbv 0810000200;8720195286356;202011726_layout_2.pdf;500
900810000200 | labels tbv 0810000200;8720195286356;202011726_layout_2.pdf;500
900810000200 | labels tbv 0810000200;8720195286356;202011726_layout_2.pdf;500
900810000200 | labels tbv 0810000200;8720195286356;202011726_layout_2.pdf;500
900810000200 | labels tbv 0810000200;8720195286356;202011726_layout_2.pdf;500
900810000200 | labels tbv 0810000200;8720195286356;202011726_layout_2.pdf;500
900810000200 | labels tbv 0810000200;8720195286356;202011726_layout_2.pdf;500
900810000200 | labels tbv 0810000200;8720195286356;202011726_layout_2.pdf;500
900810000200 | labels tbv 0810000200;8720195286356;202011726_layout_2.pdf;500
900810000200 | labels tbv 0810000200;8720195286356;202011726_layout_2.pdf;500
900810000200 | labels tbv 0810000200;8720195286356;202011726_layout_2.pdf;500
900810000200 | labels tbv 0810000200;8720195286356;202011726_layout_2.pdf;500
900810000200 | labels tbv 0810000200;8720195286356;202011726_layout_2.pdf;500
900810000200 | labels tbv 0810000200;8720195286356;202011726_layout_2.pdf;500
900810000200 | labels tbv 0810000200;8720195286356;202011726_layout_2.pdf;500
900810000200 | labels tbv 0810000200;8720195286356;202011726_layout_2.pdf;500
900810000200 | labels tbv 0810000200;8720195286356;202011726_layout_2.pdf;500
900810000200 | labels tbv 0810000200;8720195286356;202011726_layout_2.pdf;500
900810000200 | labels tbv 0810000200;8720195286356;202011726_layout_2.pdf;500
900810000200 | labels tbv 0810000200;8720195286356;202011726_layout_2.pdf;500
900810000200 | labels tbv 0810000200;8720195286356;202011726_layout_2.pdf;500
900810000200 | labels tbv 0810000200;8720195286356;202011726_layout_2.pdf;500
900810000200 | labels tbv 0810000200;8720195286356;202011726_layout_2.pdf;500
900810000200 | labels tbv 0810000200;8720195286356;202011726_layout_2.pdf;500
900810000200 | labels tbv 0810000200;8720195286356;202011726_layout_2.pdf;500
900810000200 | labels tbv 0810000200;8720195286356;202011726_layout_2.pdf;500
900810000200 | labels tbv 0810000200;8720195286356;202011726_layout_2.pdf;500
900810000200 | labels tbv 0810000200;8720195286356;202011726_layout_2.pdf;500
900810000300 | labels tbv 0810000300;8720195286363;202011726_layout_3.pdf;500
900810000300 | labels tbv 0810000300;8720195286363;202011726_layout_3.pdf;500
900810000300 | labels tbv 0810000300;8720195286363;202011726_layout_3.pdf;500
900810000300 | labels tbv 0810000300;8720195286363;202011726_layout_3.pdf;500
900810000300 | labels tbv 0810000300;8720195286363;202011726_layout_3.pdf;500
900810000300 | labels tbv 0810000300;8720195286363;202011726_layout_3.pdf;500
900810000300 | labels tbv 0810000300;8720195286363;202011726_layout_3.pdf;500
900810000300 | labels tbv 0810000300;8720195286363;202011726_layout_3.pdf;500
900810000300 | labels tbv 0810000300;8720195286363;202011726_layout_3.pdf;500
900810000300 | labels tbv 0810000300;8720195286363;202011726_layout_3.pdf;500
900810000300 | labels tbv 0810000300;8720195286363;202011726_layout_3.pdf;500
900810000300 | labels tbv 0810000300;8720195286363;202011726_layout_3.pdf;500
900810000300 | labels tbv 0810000300;8720195286363;202011726_layout_3.pdf;500
900810000300 | labels tbv 0810000300;8720195286363;202011726_layout_3.pdf;500
900810000300 | labels tbv 0810000300;8720195286363;202011726_layout_3.pdf;500
900810000300 | labels tbv 0810000300;8720195286363;202011726_layout_3.pdf;500
900810000300 | labels tbv 0810000300;8720195286363;202011726_layout_3.pdf;500
900810000300 | labels tbv 0810000300;8720195286363;202011726_layout_3.pdf;500
900810000300 | labels tbv 0810000300;8720195286363;202011726_layout_3.pdf;500
900810000300 | labels tbv 0810000300;8720195286363;202011726_layout_3.pdf;500
900810000300 | labels tbv 0810000300;8720195286363;202011726_layout_3.pdf;500
900810000300 | labels tbv 0810000300;8720195286363;202011726_layout_3.pdf;500
900810000300 | labels tbv 0810000300;8720195286363;202011726_layout_3.pdf;500
900810000300 | labels tbv 0810000300;8720195286363;202011726_layout_3.pdf;500
900810000300 | labels tbv 0810000300;8720195286363;202011726_layout_3.pdf;500
900810000300 | labels tbv 0810000300;8720195286363;202011726_layout_3.pdf;500
900810000300 | labels tbv 0810000300;8720195286363;202011726_layout_3.pdf;500
900810000300 | labels tbv 0810000300;8720195286363;202011726_layout_3.pdf;500
900810000300 | labels tbv 0810000300;8720195286363;202011726_layout_3.pdf;500
900810000300 | labels tbv 0810000300;8720195286363;202011726_layout_3.pdf;500
900810000300 | labels tbv 0810000300;8720195286363;202011726_layout_3.pdf;500
900810000300 | labels tbv 0810000300;8720195286363;202011726_layout_3.pdf;500
900810000300 | labels tbv 0810000300;8720195286363;202011726_layout_3.pdf;500
900810000300 | labels tbv 0810000300;8720195286363;202011726_layout_3.pdf;500
900810000300 | labels tbv 0810000300;8720195286363;202011726_layout_3.pdf;500
900810000300 | labels tbv 0810000300;8720195286363;202011726_layout_3.pdf;500
900810000300 | labels tbv 0810000300;8720195286363;202011726_layout_3.pdf;500
900810000300 | labels tbv 0810000300;8720195286363;202011726_layout_3.pdf;500
900810000300 | labels tbv 0810000300;8720195286363;202011726_layout_3.pdf;500
900810000300 | labels tbv 0810000300;8720195286363;202011726_layout_3.pdf;500
900810000400 | labels tbv 0810000400;8720195286370;202011726_layout_4.pdf;500
900810000400 | labels tbv 0810000400;8720195286370;202011726_layout_4.pdf;500
900810000400 | labels tbv 0810000400;8720195286370;202011726_layout_4.pdf;500
900810000400 | labels tbv 0810000400;8720195286370;202011726_layout_4.pdf;500
900810000500 | labels tbv 0810000500;8720195286387;202011726_layout_5.pdf;500
900810000500 | labels tbv 0810000500;8720195286387;202011726_layout_5.pdf;500
900810000500 | labels tbv 0810000500;8720195286387;202011726_layout_5.pdf;500
900810000500 | labels tbv 0810000500;8720195286387;202011726_layout_5.pdf;500
900810000500 | labels tbv 0810000500;8720195286387;202011726_layout_5.pdf;500
900810000500 | labels tbv 0810000500;8720195286387;202011726_layout_5.pdf;500
900810000500 | labels tbv 0810000500;8720195286387;202011726_layout_5.pdf;500
900810000500 | labels tbv 0810000500;8720195286387;202011726_layout_5.pdf;500
900810000500 | labels tbv 0810000500;8720195286387;202011726_layout_5.pdf;500
900810000500 | labels tbv 0810000500;8720195286387;202011726_layout_5.pdf;500
900810000500 | labels tbv 0810000500;8720195286387;202011726_layout_5.pdf;500
900810000500 | labels tbv 0810000500;8720195286387;202011726_layout_5.pdf;500
900810000500 | labels tbv 0810000500;8720195286387;202011726_layout_5.pdf;500
900810000500 | labels tbv 0810000500;8720195286387;202011726_layout_5.pdf;500
900810000600 | labels tbv 0810000600;8720195286394;202011726_layout_6.pdf;500
900810000600 | labels tbv 0810000600;8720195286394;202011726_layout_6.pdf;500
900810000600 | labels tbv 0810000600;8720195286394;202011726_layout_6.pdf;500
900810000600 | labels tbv 0810000600;8720195286394;202011726_layout_6.pdf;500
900810000600 | labels tbv 0810000600;8720195286394;202011726_layout_6.pdf;500
900810000600 | labels tbv 0810000600;8720195286394;202011726_layout_6.pdf;500
900810000600 | labels tbv 0810000600;8720195286394;202011726_layout_6.pdf;500
900810000600 | labels tbv 0810000600;8720195286394;202011726_layout_6.pdf;500
900810000600 | labels tbv 0810000600;8720195286394;202011726_layout_6.pdf;500
900810000600 | labels tbv 0810000600;8720195286394;202011726_layout_6.pdf;500
900810000600 | labels tbv 0810000600;8720195286394;202011726_layout_6.pdf;500
900810000600 | labels tbv 0810000600;8720195286394;202011726_layout_6.pdf;500
900810000600 | labels tbv 0810000600;8720195286394;202011726_layout_6.pdf;500
900810000600 | labels tbv 0810000600;8720195286394;202011726_layout_6.pdf;500
900810000600 | labels tbv 0810000600;8720195286394;202011726_layout_6.pdf;500
900810000600 | labels tbv 0810000600;8720195286394;202011726_layout_6.pdf;500
900810000600 | labels tbv 0810000600;8720195286394;202011726_layout_6.pdf;500
900810000600 | labels tbv 0810000600;8720195286394;202011726_layout_6.pdf;500
900810000600 | labels tbv 0810000600;8720195286394;202011726_layout_6.pdf;500
900810000600 | labels tbv 0810000600;8720195286394;202011726_layout_6.pdf;500
900810000600 | labels tbv 0810000600;8720195286394;202011726_layout_6.pdf;500
900810000600 | labels tbv 0810000600;8720195286394;202011726_layout_6.pdf;500
900810000600 | labels tbv 0810000600;8720195286394;202011726_layout_6.pdf;500
900810000600 | labels tbv 0810000600;8720195286394;202011726_layout_6.pdf;500
900810000600 | labels tbv 0810000600;8720195286394;202011726_layout_6.pdf;500
900810000600 | labels tbv 0810000600;8720195286394;202011726_layout_6.pdf;500
900810000600 | labels tbv 0810000600;8720195286394;202011726_layout_6.pdf;500
900810000600 | labels tbv 0810000600;8720195286394;202011726_layout_6.pdf;500
900850000050 | labels tbv 0850000050;8720195286400;202011726_layout_7.pdf;500
900850000050 | labels tbv 0850000050;8720195286400;202011726_layout_7.pdf;500
900850000050 | labels tbv 0850000050;8720195286400;202011726_layout_7.pdf;500
900850000050 | labels tbv 0850000050;8720195286400;202011726_layout_7.pdf;500
900910003000 | labels tbv 0910003000;8720195286417;202011726_layout_8.pdf;500
900910003000 | labels tbv 0910003000;8720195286417;202011726_layout_8.pdf;500
900910003000 | labels tbv 0910003000;8720195286417;202011726_layout_8.pdf;500
900910003000 | labels tbv 0910003000;8720195286417;202011726_layout_8.pdf;500
900910003000 | labels tbv 0910003000;8720195286417;202011726_layout_8.pdf;500
900910003000 | labels tbv 0910003000;8720195286417;202011726_layout_8.pdf;500
900910005010 | labels tbv 0910005010;8720195286424;202011726_layout_9.pdf;500
900910005010 | labels tbv 0910005010;8720195286424;202011726_layout_9.pdf;500
900910005010 | labels tbv 0910005010;8720195286424;202011726_layout_9.pdf;500
900910005010 | labels tbv 0910005010;8720195286424;202011726_layout_9.pdf;500
900910005020 | labels tbv 0910005020;8720195286431;202011726_layout_10.pdf;500
900910005020 | labels tbv 0910005020;8720195286431;202011726_layout_10.pdf;500
900910005020 | labels tbv 0910005020;8720195286431;202011726_layout_10.pdf;500
900910005020 | labels tbv 0910005020;8720195286431;202011726_layout_10.pdf;500
900910005030 | labels tbv 0910005030;8720195286448;202011726_layout_11.pdf;500
900910005030 | labels tbv 0910005030;8720195286448;202011726_layout_11.pdf;500
900910005050 | labels tbv 0910005050;8720195286455;202011726_layout_12.pdf;500
900910005050 | labels tbv 0910005050;8720195286455;202011726_layout_12.pdf;500
900910006000 | labels tbv 0910006000;8720195286462;202011726_layout_13.pdf;500
900910006000 | labels tbv 0910006000;8720195286462;202011726_layout_13.pdf;500
900910006000 | labels tbv 0910006000;8720195286462;202011726_layout_13.pdf;500
900910006000 | labels tbv 0910006000;8720195286462;202011726_layout_13.pdf;500
900910006000 | labels tbv 0910006000;8720195286462;202011726_layout_13.pdf;500
900910006000 | labels tbv 0910006000;8720195286462;202011726_layout_13.pdf;500
900910006000 | labels tbv 0910006000;8720195286462;202011726_layout_13.pdf;500
900910006000 | labels tbv 0910006000;8720195286462;202011726_layout_13.pdf;500
900910006000 | labels tbv 0910006000;8720195286462;202011726_layout_13.pdf;500
900910006000 | labels tbv 0910006000;8720195286462;202011726_layout_13.pdf;500
900910006000 | labels tbv 0910006000;8720195286462;202011726_layout_13.pdf;500
900910006000 | labels tbv 0910006000;8720195286462;202011726_layout_13.pdf;500
900910006000 | labels tbv 0910006000;8720195286462;202011726_layout_13.pdf;500
900910006000 | labels tbv 0910006000;8720195286462;202011726_layout_13.pdf;500
900910006000 | labels tbv 0910006000;8720195286462;202011726_layout_13.pdf;500
900910006000 | labels tbv 0910006000;8720195286462;202011726_layout_13.pdf;500
900910006000 | labels tbv 0910006000;8720195286462;202011726_layout_13.pdf;500
900910006000 | labels tbv 0910006000;8720195286462;202011726_layout_13.pdf;500
900910006000 | labels tbv 0910006000;8720195286462;202011726_layout_13.pdf;500
900910006000 | labels tbv 0910006000;8720195286462;202011726_layout_13.pdf;500
900910006100 | labels tbv 0910006100;8720195286479;202011726_layout_14.pdf;500
900910006100 | labels tbv 0910006100;8720195286479;202011726_layout_14.pdf;500
900910006100 | labels tbv 0910006100;8720195286479;202011726_layout_14.pdf;500
900910006100 | labels tbv 0910006100;8720195286479;202011726_layout_14.pdf;500
900910020500 | labels tbv 0910020500;8720195286486;202011726_layout_15.pdf;500
900910020500 | labels tbv 0910020500;8720195286486;202011726_layout_15.pdf;500
900910020500 | labels tbv 0910020500;8720195286486;202011726_layout_15.pdf;500
900910020500 | labels tbv 0910020500;8720195286486;202011726_layout_15.pdf;500
900910020500 | labels tbv 0910020500;8720195286486;202011726_layout_15.pdf;500
900910020500 | labels tbv 0910020500;8720195286486;202011726_layout_15.pdf;500
900910020501 | labels tbv 0910020501;8720195286493;202011726_layout_16.pdf;500
900910020501 | labels tbv 0910020501;8720195286493;202011726_layout_16.pdf;500
900990003000 | labels tbv 0990003000;8720195286509;202011726_layout_17.pdf;500
900990003000 | labels tbv 0990003000;8720195286509;202011726_layout_17.pdf;500
900990003000 | labels tbv 0990003000;8720195286509;202011726_layout_17.pdf;500
900990003000 | labels tbv 0990003000;8720195286509;202011726_layout_17.pdf;500
900990004000 | labels tbv 0990004000;8720195286516;202011726_layout_18.pdf;500
900990004000 | labels tbv 0990004000;8720195286516;202011726_layout_18.pdf;500
900990005010 | labels tbv 0990005010;8720195286523;202011726_layout_19.pdf;500
900990005010 | labels tbv 0990005010;8720195286523;202011726_layout_19.pdf;500
900990005010 | labels tbv 0990005010;8720195286523;202011726_layout_19.pdf;500
900990005010 | labels tbv 0990005010;8720195286523;202011726_layout_19.pdf;500
900990005010 | labels tbv 0990005010;8720195286523;202011726_layout_19.pdf;500
900990005010 | labels tbv 0990005010;8720195286523;202011726_layout_19.pdf;500
900990005010 | labels tbv 0990005010;8720195286523;202011726_layout_19.pdf;500
900990005010 | labels tbv 0990005010;8720195286523;202011726_layout_19.pdf;500
900990005020 | labels tbv 0990005020;8720195286530;202011726_layout_20.pdf;500
900990005020 | labels tbv 0990005020;8720195286530;202011726_layout_20.pdf;500
900990005020 | labels tbv 0990005020;8720195286530;202011726_layout_20.pdf;500
900990005020 | labels tbv 0990005020;8720195286530;202011726_layout_20.pdf;500
900990005020 | labels tbv 0990005020;8720195286530;202011726_layout_20.pdf;500
900990005020 | labels tbv 0990005020;8720195286530;202011726_layout_20.pdf;500
900990005030 | labels tbv 0990005030;8720195286547;202011726_layout_21.pdf;500
900990005030 | labels tbv 0990005030;8720195286547;202011726_layout_21.pdf;500
900990005030 | labels tbv 0990005030;8720195286547;202011726_layout_21.pdf;500
900990005030 | labels tbv 0990005030;8720195286547;202011726_layout_21.pdf;500
900990005030 | labels tbv 0990005030;8720195286547;202011726_layout_21.pdf;500
900990005030 | labels tbv 0990005030;8720195286547;202011726_layout_21.pdf;500
900990005050 | labels tbv 0990005050;8720195286554;202011726_layout_22.pdf;500
900990005050 | labels tbv 0990005050;8720195286554;202011726_layout_22.pdf;500
900990005050 | labels tbv 0990005050;8720195286554;202011726_layout_22.pdf;500
900990005050 | labels tbv 0990005050;8720195286554;202011726_layout_22.pdf;500
900990005060 | labels tbv 0990005060;8720195286561;202011726_layout_23.pdf;500
900990005060 | labels tbv 0990005060;8720195286561;202011726_layout_23.pdf;500
900990005070 | labels tbv 0990005070;8720195286578;202011726_layout_24.pdf;500
900990005070 | labels tbv 0990005070;8720195286578;202011726_layout_24.pdf;500
900990006000 | labels tbv 0990006000;8720195286585;202011726_layout_25.pdf;500
900990006000 | labels tbv 0990006000;8720195286585;202011726_layout_25.pdf;500
900990006000 | labels tbv 0990006000;8720195286585;202011726_layout_25.pdf;500
900990006000 | labels tbv 0990006000;8720195286585;202011726_layout_25.pdf;500
900990006000 | labels tbv 0990006000;8720195286585;202011726_layout_25.pdf;500
900990006000 | labels tbv 0990006000;8720195286585;202011726_layout_25.pdf;500
900990006000 | labels tbv 0990006000;8720195286585;202011726_layout_25.pdf;500
900990006000 | labels tbv 0990006000;8720195286585;202011726_layout_25.pdf;500
900990006100 | labels tbv 0990006100;8720195286592;202011726_layout_26.pdf;500
900990006100 | labels tbv 0990006100;8720195286592;202011726_layout_26.pdf;500
900990006100 | labels tbv 0990006100;8720195286592;202011726_layout_26.pdf;500
900990006100 | labels tbv 0990006100;8720195286592;202011726_layout_26.pdf;500
900990006100 | labels tbv 0990006100;8720195286592;202011726_layout_26.pdf;500
900990006100 | labels tbv 0990006100;8720195286592;202011726_layout_26.pdf;500
900990006100 | labels tbv 0990006100;8720195286592;202011726_layout_26.pdf;500
900990006100 | labels tbv 0990006100;8720195286592;202011726_layout_26.pdf;500
900990006100 | labels tbv 0990006100;8720195286592;202011726_layout_26.pdf;500
900990006100 | labels tbv 0990006100;8720195286592;202011726_layout_26.pdf;500
900990006110 | labels tbv 0990006110;8720195286608;202011726_layout_27.pdf;500
900990006110 | labels tbv 0990006110;8720195286608;202011726_layout_27.pdf;500
900990006110 | labels tbv 0990006110;8720195286608;202011726_layout_27.pdf;500
900990006110 | labels tbv 0990006110;8720195286608;202011726_layout_27.pdf;500
900990006120 | labels tbv 0990006120;8720195286615;202011726_layout_28.pdf;500
900990006120 | labels tbv 0990006120;8720195286615;202011726_layout_28.pdf;500
900990007100 | labels tbv 0990007100;8720195286622;202011726_layout_29.pdf;500
900990007100 | labels tbv 0990007100;8720195286622;202011726_layout_29.pdf;500
900990007100 | labels tbv 0990007100;8720195286622;202011726_layout_29.pdf;500
900990007100 | labels tbv 0990007100;8720195286622;202011726_layout_29.pdf;500
900990007100 | labels tbv 0990007100;8720195286622;202011726_layout_29.pdf;500
900990007100 | labels tbv 0990007100;8720195286622;202011726_layout_29.pdf;500
900990007100 | labels tbv 0990007100;8720195286622;202011726_layout_29.pdf;500
900990007100 | labels tbv 0990007100;8720195286622;202011726_layout_29.pdf;500
900990007100 | labels tbv 0990007100;8720195286622;202011726_layout_29.pdf;500
900990007100 | labels tbv 0990007100;8720195286622;202011726_layout_29.pdf;500
900990007100 | labels tbv 0990007100;8720195286622;202011726_layout_29.pdf;500
900990007100 | labels tbv 0990007100;8720195286622;202011726_layout_29.pdf;500
900990007100 | labels tbv 0990007100;8720195286622;202011726_layout_29.pdf;500
900990007100 | labels tbv 0990007100;8720195286622;202011726_layout_29.pdf;500
901610000100 | labels tbv 1610000100;8720195286639;202011726_layout_30.pdf;500
901610000100 | labels tbv 1610000100;8720195286639;202011726_layout_30.pdf;500
901610000100 | labels tbv 1610000100;8720195286639;202011726_layout_30.pdf;500
901610000100 | labels tbv 1610000100;8720195286639;202011726_layout_30.pdf;500
901610000200 | labels tbv 1610000200;8720195286646;202011726_layout_31.pdf;500
901610000200 | labels tbv 1610000200;8720195286646;202011726_layout_31.pdf;500
901610000200 | labels tbv 1610000200;8720195286646;202011726_layout_31.pdf;500
901610000200 | labels tbv 1610000200;8720195286646;202011726_layout_31.pdf;500
901610000300 | labels tbv 1610000300;8720195286653;202011726_layout_32.pdf;500
901610000300 | labels tbv 1610000300;8720195286653;202011726_layout_32.pdf;500
901610000300 | labels tbv 1610000300;8720195286653;202011726_layout_32.pdf;500
901610000300 | labels tbv 1610000300;8720195286653;202011726_layout_32.pdf;500
901610000300 | labels tbv 1610000300;8720195286653;202011726_layout_32.pdf;500
901610000300 | labels tbv 1610000300;8720195286653;202011726_layout_32.pdf;500
901610000300 | labels tbv 1610000300;8720195286653;202011726_layout_32.pdf;500
901610000300 | labels tbv 1610000300;8720195286653;202011726_layout_32.pdf;500
901610000400 | labels tbv 1610000400;8720195286660;202011726_layout_33.pdf;500
901610000400 | labels tbv 1610000400;8720195286660;202011726_layout_33.pdf;500
901610000400 | labels tbv 1610000400;8720195286660;202011726_layout_33.pdf;500
901610000400 | labels tbv 1610000400;8720195286660;202011726_layout_33.pdf;500
901610000400 | labels tbv 1610000400;8720195286660;202011726_layout_33.pdf;500
901610000400 | labels tbv 1610000400;8720195286660;202011726_layout_33.pdf;500
901610000400 | labels tbv 1610000400;8720195286660;202011726_layout_33.pdf;500
901610000400 | labels tbv 1610000400;8720195286660;202011726_layout_33.pdf;500
901610000500 | labels tbv 1610000500;8720195286677;202011726_layout_34.pdf;500
901610000500 | labels tbv 1610000500;8720195286677;202011726_layout_34.pdf;500
901610000500 | labels tbv 1610000500;8720195286677;202011726_layout_34.pdf;500
901610000500 | labels tbv 1610000500;8720195286677;202011726_layout_34.pdf;500
901610000500 | labels tbv 1610000500;8720195286677;202011726_layout_34.pdf;500
901610000500 | labels tbv 1610000500;8720195286677;202011726_layout_34.pdf;500
901610000500 | labels tbv 1610000500;8720195286677;202011726_layout_34.pdf;500
901610000500 | labels tbv 1610000500;8720195286677;202011726_layout_34.pdf;500
901610000500 | labels tbv 1610000500;8720195286677;202011726_layout_34.pdf;500
901610000500 | labels tbv 1610000500;8720195286677;202011726_layout_34.pdf;500
901610000500 | labels tbv 1610000500;8720195286677;202011726_layout_34.pdf;500
901610000500 | labels tbv 1610000500;8720195286677;202011726_layout_34.pdf;500
901610000500 | labels tbv 1610000500;8720195286677;202011726_layout_34.pdf;500
901610000500 | labels tbv 1610000500;8720195286677;202011726_layout_34.pdf;500
901610000500 | labels tbv 1610000500;8720195286677;202011726_layout_34.pdf;500
901610000500 | labels tbv 1610000500;8720195286677;202011726_layout_34.pdf;500
901610000500 | labels tbv 1610000500;8720195286677;202011726_layout_34.pdf;500
901610000500 | labels tbv 1610000500;8720195286677;202011726_layout_34.pdf;500
901610000500 | labels tbv 1610000500;8720195286677;202011726_layout_34.pdf;500
901610000500 | labels tbv 1610000500;8720195286677;202011726_layout_34.pdf;500
901610000500 | labels tbv 1610000500;8720195286677;202011726_layout_34.pdf;500
901610000500 | labels tbv 1610000500;8720195286677;202011726_layout_34.pdf;500
901610000500 | labels tbv 1610000500;8720195286677;202011726_layout_34.pdf;500
901610000500 | labels tbv 1610000500;8720195286677;202011726_layout_34.pdf;500
901610000600 | labels tbv 1610000600;8720195286684;202011726_layout_35.pdf;500
901610000600 | labels tbv 1610000600;8720195286684;202011726_layout_35.pdf;500
901610000600 | labels tbv 1610000600;8720195286684;202011726_layout_35.pdf;500
901610000600 | labels tbv 1610000600;8720195286684;202011726_layout_35.pdf;500
901610000600 | labels tbv 1610000600;8720195286684;202011726_layout_35.pdf;500
901610000600 | labels tbv 1610000600;8720195286684;202011726_layout_35.pdf;500
901610000600 | labels tbv 1610000600;8720195286684;202011726_layout_35.pdf;500
901610000600 | labels tbv 1610000600;8720195286684;202011726_layout_35.pdf;500
901610000600 | labels tbv 1610000600;8720195286684;202011726_layout_35.pdf;500
901610000600 | labels tbv 1610000600;8720195286684;202011726_layout_35.pdf;500
901610000600 | labels tbv 1610000600;8720195286684;202011726_layout_35.pdf;500
901610000600 | labels tbv 1610000600;8720195286684;202011726_layout_35.pdf;500
901610000600 | labels tbv 1610000600;8720195286684;202011726_layout_35.pdf;500
901610000600 | labels tbv 1610000600;8720195286684;202011726_layout_35.pdf;500
901610000900 | labels tbv 1610000900;8720195286691;202011726_layout_36.pdf;500
901610000900 | labels tbv 1610000900;8720195286691;202011726_layout_36.pdf;500
901610000900 | labels tbv 1610000900;8720195286691;202011726_layout_36.pdf;500
901610000900 | labels tbv 1610000900;8720195286691;202011726_layout_36.pdf;500
901610001000 | labels tbv 1610001000;8720195286707;202011726_layout_37.pdf;500
901610001000 | labels tbv 1610001000;8720195286707;202011726_layout_37.pdf;500
901610001000 | labels tbv 1610001000;8720195286707;202011726_layout_37.pdf;500
901610001000 | labels tbv 1610001000;8720195286707;202011726_layout_37.pdf;500
901610001100 | labels tbv 1610001100;8720195286714;202011726_layout_38.pdf;500
901610001100 | labels tbv 1610001100;8720195286714;202011726_layout_38.pdf;500
901610001100 | labels tbv 1610001100;8720195286714;202011726_layout_38.pdf;500
901610001100 | labels tbv 1610001100;8720195286714;202011726_layout_38.pdf;500
901610001200 | labels tbv 1610001200;8720195286721;202011726_layout_39.pdf;500
901610001200 | labels tbv 1610001200;8720195286721;202011726_layout_39.pdf;500
901610001200 | labels tbv 1610001200;8720195286721;202011726_layout_39.pdf;500
901610001200 | labels tbv 1610001200;8720195286721;202011726_layout_39.pdf;500
901610001300 | labels tbv 1610001300;8720195286738;202011726_layout_40.pdf;500
901610001300 | labels tbv 1610001300;8720195286738;202011726_layout_40.pdf;500
901610001300 | labels tbv 1610001300;8720195286738;202011726_layout_40.pdf;500
901610001300 | labels tbv 1610001300;8720195286738;202011726_layout_40.pdf;500
901610001400 | labels tbv 1610001400;8720195286745;202011726_layout_41.pdf;500
901610001400 | labels tbv 1610001400;8720195286745;202011726_layout_41.pdf;500
901610001400 | labels tbv 1610001400;8720195286745;202011726_layout_41.pdf;500
901610001400 | labels tbv 1610001400;8720195286745;202011726_layout_41.pdf;500
901610003300 | labels tbv 1610003300;8720195286752;202011726_layout_42.pdf;500
901610003300 | labels tbv 1610003300;8720195286752;202011726_layout_42.pdf;500
901610003300 | labels tbv 1610003300;8720195286752;202011726_layout_42.pdf;500
901610003300 | labels tbv 1610003300;8720195286752;202011726_layout_42.pdf;500
901610003400 | labels tbv 1610003400;8720195286769;202011726_layout_43.pdf;500
901610003400 | labels tbv 1610003400;8720195286769;202011726_layout_43.pdf;500
901610003400 | labels tbv 1610003400;8720195286769;202011726_layout_43.pdf;500
901610003400 | labels tbv 1610003400;8720195286769;202011726_layout_43.pdf;500
901610003500 | labels tbv 1610003500;8720195286776;202011726_layout_44.pdf;500
901610003500 | labels tbv 1610003500;8720195286776;202011726_layout_44.pdf;500
901610003500 | labels tbv 1610003500;8720195286776;202011726_layout_44.pdf;500
901610003500 | labels tbv 1610003500;8720195286776;202011726_layout_44.pdf;500
901610003500 | labels tbv 1610003500;8720195286776;202011726_layout_44.pdf;500
901610003500 | labels tbv 1610003500;8720195286776;202011726_layout_44.pdf;500
901610003600 | labels tbv 1610003600;8720195286783;202011726_layout_45.pdf;500
901610003600 | labels tbv 1610003600;8720195286783;202011726_layout_45.pdf;500
901610003600 | labels tbv 1610003600;8720195286783;202011726_layout_45.pdf;500
901610003600 | labels tbv 1610003600;8720195286783;202011726_layout_45.pdf;500
901610003600 | labels tbv 1610003600;8720195286783;202011726_layout_45.pdf;500
901610003600 | labels tbv 1610003600;8720195286783;202011726_layout_45.pdf;500
901610004000 | labels tbv 1610004000;8720195286790;202011726_layout_46.pdf;500
901610004000 | labels tbv 1610004000;8720195286790;202011726_layout_46.pdf;500
901610004000 | labels tbv 1610004000;8720195286790;202011726_layout_46.pdf;500
901610004000 | labels tbv 1610004000;8720195286790;202011726_layout_46.pdf;500
901610004000 | labels tbv 1610004000;8720195286790;202011726_layout_46.pdf;500
901610004000 | labels tbv 1610004000;8720195286790;202011726_layout_46.pdf;500
901610004000 | labels tbv 1610004000;8720195286790;202011726_layout_46.pdf;500
901610004000 | labels tbv 1610004000;8720195286790;202011726_layout_46.pdf;500
901610004000 | labels tbv 1610004000;8720195286790;202011726_layout_46.pdf;500
901610004000 | labels tbv 1610004000;8720195286790;202011726_layout_46.pdf;500
901610004000 | labels tbv 1610004000;8720195286790;202011726_layout_46.pdf;500
901610004000 | labels tbv 1610004000;8720195286790;202011726_layout_46.pdf;500
901610004000 | labels tbv 1610004000;8720195286790;202011726_layout_46.pdf;500
901610004000 | labels tbv 1610004000;8720195286790;202011726_layout_46.pdf;500
901610004000 | labels tbv 1610004000;8720195286790;202011726_layout_46.pdf;500
901610004000 | labels tbv 1610004000;8720195286790;202011726_layout_46.pdf;500
901610004000 | labels tbv 1610004000;8720195286790;202011726_layout_46.pdf;500
901610004000 | labels tbv 1610004000;8720195286790;202011726_layout_46.pdf;500
901610004100 | labels tbv 1610004100;8720195286806;202011726_layout_47.pdf;500
901610004100 | labels tbv 1610004100;8720195286806;202011726_layout_47.pdf;500
901610004100 | labels tbv 1610004100;8720195286806;202011726_layout_47.pdf;500
901610004100 | labels tbv 1610004100;8720195286806;202011726_layout_47.pdf;500
901610004100 | labels tbv 1610004100;8720195286806;202011726_layout_47.pdf;500
901610004100 | labels tbv 1610004100;8720195286806;202011726_layout_47.pdf;500
901610004100 | labels tbv 1610004100;8720195286806;202011726_layout_47.pdf;500
901610004100 | labels tbv 1610004100;8720195286806;202011726_layout_47.pdf;500
901620000040 | labels tbv 1620000040;8720195286813;202011726_layout_48.pdf;500
901620000040 | labels tbv 1620000040;8720195286813;202011726_layout_48.pdf;500
901620000040 | labels tbv 1620000040;8720195286813;202011726_layout_48.pdf;500
901620000040 | labels tbv 1620000040;8720195286813;202011726_layout_48.pdf;500
901620000050 | labels tbv 1620000050;8720195286820;202011726_layout_49.pdf;500
901620000050 | labels tbv 1620000050;8720195286820;202011726_layout_49.pdf;500
901620000050 | labels tbv 1620000050;8720195286820;202011726_layout_49.pdf;500
901620000050 | labels tbv 1620000050;8720195286820;202011726_layout_49.pdf;500
901620000100 | labels tbv 1620000100;8720195286837;202011726_layout_50.pdf;500
901620000100 | labels tbv 1620000100;8720195286837;202011726_layout_50.pdf;500
901620000100 | labels tbv 1620000100;8720195286837;202011726_layout_50.pdf;500
901620000100 | labels tbv 1620000100;8720195286837;202011726_layout_50.pdf;500
901620000100 | labels tbv 1620000100;8720195286837;202011726_layout_50.pdf;500
901620000100 | labels tbv 1620000100;8720195286837;202011726_layout_50.pdf;500
901620000100 | labels tbv 1620000100;8720195286837;202011726_layout_50.pdf;500
901620000100 | labels tbv 1620000100;8720195286837;202011726_layout_50.pdf;500
901620000150 | labels tbv 1620000150;8720195286844;202011726_layout_51.pdf;500
901620000150 | labels tbv 1620000150;8720195286844;202011726_layout_51.pdf;500
901620000150 | labels tbv 1620000150;8720195286844;202011726_layout_51.pdf;500
901620000150 | labels tbv 1620000150;8720195286844;202011726_layout_51.pdf;500
901620000150 | labels tbv 1620000150;8720195286844;202011726_layout_51.pdf;500
901620000150 | labels tbv 1620000150;8720195286844;202011726_layout_51.pdf;500
901620000150 | labels tbv 1620000150;8720195286844;202011726_layout_51.pdf;500
901620000150 | labels tbv 1620000150;8720195286844;202011726_layout_51.pdf;500
901620000150 | labels tbv 1620000150;8720195286844;202011726_layout_51.pdf;500
901620000150 | labels tbv 1620000150;8720195286844;202011726_layout_51.pdf;500
901620000150 | labels tbv 1620000150;8720195286844;202011726_layout_51.pdf;500
901620000150 | labels tbv 1620000150;8720195286844;202011726_layout_51.pdf;500
901620000150 | labels tbv 1620000150;8720195286844;202011726_layout_51.pdf;500
901620000150 | labels tbv 1620000150;8720195286844;202011726_layout_51.pdf;500
901620000175 | labels tbv 1620000175;8720195286851;202011726_layout_52.pdf;500
901620000175 | labels tbv 1620000175;8720195286851;202011726_layout_52.pdf;500
901620000175 | labels tbv 1620000175;8720195286851;202011726_layout_52.pdf;500
901620000175 | labels tbv 1620000175;8720195286851;202011726_layout_52.pdf;500
901620000200 | labels tbv 1620000200;8720195286868;202011726_layout_53.pdf;500
901620000200 | labels tbv 1620000200;8720195286868;202011726_layout_53.pdf;500
901620000200 | labels tbv 1620000200;8720195286868;202011726_layout_53.pdf;500
901620000200 | labels tbv 1620000200;8720195286868;202011726_layout_53.pdf;500
901620000200 | labels tbv 1620000200;8720195286868;202011726_layout_53.pdf;500
901620000200 | labels tbv 1620000200;8720195286868;202011726_layout_53.pdf;500
901620000200 | labels tbv 1620000200;8720195286868;202011726_layout_53.pdf;500
901620000200 | labels tbv 1620000200;8720195286868;202011726_layout_53.pdf;500
901620000200 | labels tbv 1620000200;8720195286868;202011726_layout_53.pdf;500
901620000200 | labels tbv 1620000200;8720195286868;202011726_layout_53.pdf;500
901620000200 | labels tbv 1620000200;8720195286868;202011726_layout_53.pdf;500
901620000200 | labels tbv 1620000200;8720195286868;202011726_layout_53.pdf;500
901620000200 | labels tbv 1620000200;8720195286868;202011726_layout_53.pdf;500
901620000200 | labels tbv 1620000200;8720195286868;202011726_layout_53.pdf;500
901620000200 | labels tbv 1620000200;8720195286868;202011726_layout_53.pdf;500
901620000200 | labels tbv 1620000200;8720195286868;202011726_layout_53.pdf;500
901620000200 | labels tbv 1620000200;8720195286868;202011726_layout_53.pdf;500
901620000200 | labels tbv 1620000200;8720195286868;202011726_layout_53.pdf;500
901620000200 | labels tbv 1620000200;8720195286868;202011726_layout_53.pdf;500
901620000200 | labels tbv 1620000200;8720195286868;202011726_layout_53.pdf;500
901620000200 | labels tbv 1620000200;8720195286868;202011726_layout_53.pdf;500
901620000200 | labels tbv 1620000200;8720195286868;202011726_layout_53.pdf;500
901620000200 | labels tbv 1620000200;8720195286868;202011726_layout_53.pdf;500
901620000200 | labels tbv 1620000200;8720195286868;202011726_layout_53.pdf;500
901620000200 | labels tbv 1620000200;8720195286868;202011726_layout_53.pdf;500
901620000200 | labels tbv 1620000200;8720195286868;202011726_layout_53.pdf;500
901620000200 | labels tbv 1620000200;8720195286868;202011726_layout_53.pdf;500
901620000200 | labels tbv 1620000200;8720195286868;202011726_layout_53.pdf;500
901620000200 | labels tbv 1620000200;8720195286868;202011726_layout_53.pdf;500
901620000200 | labels tbv 1620000200;8720195286868;202011726_layout_53.pdf;500
901620000200 | labels tbv 1620000200;8720195286868;202011726_layout_53.pdf;500
901620000200 | labels tbv 1620000200;8720195286868;202011726_layout_53.pdf;500
901620000200 | labels tbv 1620000200;8720195286868;202011726_layout_53.pdf;500
901620000200 | labels tbv 1620000200;8720195286868;202011726_layout_53.pdf;500
901620000200 | labels tbv 1620000200;8720195286868;202011726_layout_53.pdf;500
901620000200 | labels tbv 1620000200;8720195286868;202011726_layout_53.pdf;500
901620000200 | labels tbv 1620000200;8720195286868;202011726_layout_53.pdf;500
901620000200 | labels tbv 1620000200;8720195286868;202011726_layout_53.pdf;500
901620000200 | labels tbv 1620000200;8720195286868;202011726_layout_53.pdf;500
901620000200 | labels tbv 1620000200;8720195286868;202011726_layout_53.pdf;500
901620000200 | labels tbv 1620000200;8720195286868;202011726_layout_53.pdf;500
901620000200 | labels tbv 1620000200;8720195286868;202011726_layout_53.pdf;500
901620000200 | labels tbv 1620000200;8720195286868;202011726_layout_53.pdf;500
901620000200 | labels tbv 1620000200;8720195286868;202011726_layout_53.pdf;500
901620000200 | labels tbv 1620000200;8720195286868;202011726_layout_53.pdf;500
901620000200 | labels tbv 1620000200;8720195286868;202011726_layout_53.pdf;500
901620000200 | labels tbv 1620000200;8720195286868;202011726_layout_53.pdf;500
901620000200 | labels tbv 1620000200;8720195286868;202011726_layout_53.pdf;500
901620000200 | labels tbv 1620000200;8720195286868;202011726_layout_53.pdf;500
901620000200 | labels tbv 1620000200;8720195286868;202011726_layout_53.pdf;500
901620000200 | labels tbv 1620000200;8720195286868;202011726_layout_53.pdf;500
901620000200 | labels tbv 1620000200;8720195286868;202011726_layout_53.pdf;500
901620000200 | labels tbv 1620000200;8720195286868;202011726_layout_53.pdf;500
901620000200 | labels tbv 1620000200;8720195286868;202011726_layout_53.pdf;500
901620000200 | labels tbv 1620000200;8720195286868;202011726_layout_53.pdf;500
901620000200 | labels tbv 1620000200;8720195286868;202011726_layout_53.pdf;500
901620000250 | labels tbv 1620000250;8720195286875;202011726_layout_54.pdf;500
901620000250 | labels tbv 1620000250;8720195286875;202011726_layout_54.pdf;500
901620000250 | labels tbv 1620000250;8720195286875;202011726_layout_54.pdf;500
901620000250 | labels tbv 1620000250;8720195286875;202011726_layout_54.pdf;500
901620000250 | labels tbv 1620000250;8720195286875;202011726_layout_54.pdf;500
901620000250 | labels tbv 1620000250;8720195286875;202011726_layout_54.pdf;500
901620000250 | labels tbv 1620000250;8720195286875;202011726_layout_54.pdf;500
901620000250 | labels tbv 1620000250;8720195286875;202011726_layout_54.pdf;500
901620000250 | labels tbv 1620000250;8720195286875;202011726_layout_54.pdf;500
901620000250 | labels tbv 1620000250;8720195286875;202011726_layout_54.pdf;500
901620000250 | labels tbv 1620000250;8720195286875;202011726_layout_54.pdf;500
901620000250 | labels tbv 1620000250;8720195286875;202011726_layout_54.pdf;500
901620000250 | labels tbv 1620000250;8720195286875;202011726_layout_54.pdf;500
901620000250 | labels tbv 1620000250;8720195286875;202011726_layout_54.pdf;500
901620000250 | labels tbv 1620000250;8720195286875;202011726_layout_54.pdf;500
901620000250 | labels tbv 1620000250;8720195286875;202011726_layout_54.pdf;500
901620000250 | labels tbv 1620000250;8720195286875;202011726_layout_54.pdf;500
901620000250 | labels tbv 1620000250;8720195286875;202011726_layout_54.pdf;500
901620000250 | labels tbv 1620000250;8720195286875;202011726_layout_54.pdf;500
901620000250 | labels tbv 1620000250;8720195286875;202011726_layout_54.pdf;500
901620000250 | labels tbv 1620000250;8720195286875;202011726_layout_54.pdf;500
901620000250 | labels tbv 1620000250;8720195286875;202011726_layout_54.pdf;500
901620000250 | labels tbv 1620000250;8720195286875;202011726_layout_54.pdf;500
901620000250 | labels tbv 1620000250;8720195286875;202011726_layout_54.pdf;500
901620000250 | labels tbv 1620000250;8720195286875;202011726_layout_54.pdf;500
901620000250 | labels tbv 1620000250;8720195286875;202011726_layout_54.pdf;500
901620000250 | labels tbv 1620000250;8720195286875;202011726_layout_54.pdf;500
901620000250 | labels tbv 1620000250;8720195286875;202011726_layout_54.pdf;500
901620000250 | labels tbv 1620000250;8720195286875;202011726_layout_54.pdf;500
901620000250 | labels tbv 1620000250;8720195286875;202011726_layout_54.pdf;500
901620000250 | labels tbv 1620000250;8720195286875;202011726_layout_54.pdf;500
901620000250 | labels tbv 1620000250;8720195286875;202011726_layout_54.pdf;500
901620000250 | labels tbv 1620000250;8720195286875;202011726_layout_54.pdf;500
901620000250 | labels tbv 1620000250;8720195286875;202011726_layout_54.pdf;500
901620000250 | labels tbv 1620000250;8720195286875;202011726_layout_54.pdf;500
901620000250 | labels tbv 1620000250;8720195286875;202011726_layout_54.pdf;500
901620000250 | labels tbv 1620000250;8720195286875;202011726_layout_54.pdf;500
901620000250 | labels tbv 1620000250;8720195286875;202011726_layout_54.pdf;500
901620000250 | labels tbv 1620000250;8720195286875;202011726_layout_54.pdf;500
901620000250 | labels tbv 1620000250;8720195286875;202011726_layout_54.pdf;500
901620000250 | labels tbv 1620000250;8720195286875;202011726_layout_54.pdf;500
901620000250 | labels tbv 1620000250;8720195286875;202011726_layout_54.pdf;500
901620000250 | labels tbv 1620000250;8720195286875;202011726_layout_54.pdf;500
901620000250 | labels tbv 1620000250;8720195286875;202011726_layout_54.pdf;500
901620000250 | labels tbv 1620000250;8720195286875;202011726_layout_54.pdf;500
901620000250 | labels tbv 1620000250;8720195286875;202011726_layout_54.pdf;500
901620000250 | labels tbv 1620000250;8720195286875;202011726_layout_54.pdf;500
901620000250 | labels tbv 1620000250;8720195286875;202011726_layout_54.pdf;500
901620000250 | labels tbv 1620000250;8720195286875;202011726_layout_54.pdf;500
901620000250 | labels tbv 1620000250;8720195286875;202011726_layout_54.pdf;500
901620000250 | labels tbv 1620000250;8720195286875;202011726_layout_54.pdf;500
901620000250 | labels tbv 1620000250;8720195286875;202011726_layout_54.pdf;500
901620000250 | labels tbv 1620000250;8720195286875;202011726_layout_54.pdf;500
901620000250 | labels tbv 1620000250;8720195286875;202011726_layout_54.pdf;500
901620000250 | labels tbv 1620000250;8720195286875;202011726_layout_54.pdf;500
901620000250 | labels tbv 1620000250;8720195286875;202011726_layout_54.pdf;500
901620000260 | labels tbv 1620000260;8720195286882;202011726_layout_55.pdf;500
901620000260 | labels tbv 1620000260;8720195286882;202011726_layout_55.pdf;500
901620000260 | labels tbv 1620000260;8720195286882;202011726_layout_55.pdf;500
901620000260 | labels tbv 1620000260;8720195286882;202011726_layout_55.pdf;500
901620000260 | labels tbv 1620000260;8720195286882;202011726_layout_55.pdf;500
901620000260 | labels tbv 1620000260;8720195286882;202011726_layout_55.pdf;500
901620000260 | labels tbv 1620000260;8720195286882;202011726_layout_55.pdf;500
901620000260 | labels tbv 1620000260;8720195286882;202011726_layout_55.pdf;500
901620000260 | labels tbv 1620000260;8720195286882;202011726_layout_55.pdf;500
901620000260 | labels tbv 1620000260;8720195286882;202011726_layout_55.pdf;500
901620000260 | labels tbv 1620000260;8720195286882;202011726_layout_55.pdf;500
901620000260 | labels tbv 1620000260;8720195286882;202011726_layout_55.pdf;500
901620000260 | labels tbv 1620000260;8720195286882;202011726_layout_55.pdf;500
901620000260 | labels tbv 1620000260;8720195286882;202011726_layout_55.pdf;500
901620000260 | labels tbv 1620000260;8720195286882;202011726_layout_55.pdf;500
901620000260 | labels tbv 1620000260;8720195286882;202011726_layout_55.pdf;500
901620000300 | labels tbv 1620000300;8720195286899;202011726_layout_56.pdf;500
901620000300 | labels tbv 1620000300;8720195286899;202011726_layout_56.pdf;500
901620000300 | labels tbv 1620000300;8720195286899;202011726_layout_56.pdf;500
901620000300 | labels tbv 1620000300;8720195286899;202011726_layout_56.pdf;500
901620000305 | labels tbv 1620000305;8720195286905;202011726_layout_57.pdf;500
901620000305 | labels tbv 1620000305;8720195286905;202011726_layout_57.pdf;500
901620000305 | labels tbv 1620000305;8720195286905;202011726_layout_57.pdf;500
901620000305 | labels tbv 1620000305;8720195286905;202011726_layout_57.pdf;500
901620000310 | labels tbv 1620000310;8720195286912;202011726_layout_58.pdf;500
901620000310 | labels tbv 1620000310;8720195286912;202011726_layout_58.pdf;500
901620000350 | labels tbv 1620000350;8720195286929;202011726_layout_59.pdf;500
901620000350 | labels tbv 1620000350;8720195286929;202011726_layout_59.pdf;500
901620000350 | labels tbv 1620000350;8720195286929;202011726_layout_59.pdf;500
901620000350 | labels tbv 1620000350;8720195286929;202011726_layout_59.pdf;500
901620000400 | labels tbv 1620000400;8720195286936;202011726_layout_60.pdf;500
901620000400 | labels tbv 1620000400;8720195286936;202011726_layout_60.pdf;500
901620000400 | labels tbv 1620000400;8720195286936;202011726_layout_60.pdf;500
901620000400 | labels tbv 1620000400;8720195286936;202011726_layout_60.pdf;500
901620000500 | labels tbv 1620000500;8720195286943;202011726_layout_61.pdf;500
901620000500 | labels tbv 1620000500;8720195286943;202011726_layout_61.pdf;500
901620000500 | labels tbv 1620000500;8720195286943;202011726_layout_61.pdf;500
901620000500 | labels tbv 1620000500;8720195286943;202011726_layout_61.pdf;500
901620000500 | labels tbv 1620000500;8720195286943;202011726_layout_61.pdf;500
901620000500 | labels tbv 1620000500;8720195286943;202011726_layout_61.pdf;500
901620000500 | labels tbv 1620000500;8720195286943;202011726_layout_61.pdf;500
901620000500 | labels tbv 1620000500;8720195286943;202011726_layout_61.pdf;500
901620000500 | labels tbv 1620000500;8720195286943;202011726_layout_61.pdf;500
901620000500 | labels tbv 1620000500;8720195286943;202011726_layout_61.pdf;500
901620000500 | labels tbv 1620000500;8720195286943;202011726_layout_61.pdf;500
901620000500 | labels tbv 1620000500;8720195286943;202011726_layout_61.pdf;500
901620000500 | labels tbv 1620000500;8720195286943;202011726_layout_61.pdf;500
901620000500 | labels tbv 1620000500;8720195286943;202011726_layout_61.pdf;500
901620000500 | labels tbv 1620000500;8720195286943;202011726_layout_61.pdf;500
901620000500 | labels tbv 1620000500;8720195286943;202011726_layout_61.pdf;500
901620000500 | labels tbv 1620000500;8720195286943;202011726_layout_61.pdf;500
901620000500 | labels tbv 1620000500;8720195286943;202011726_layout_61.pdf;500
901620000500 | labels tbv 1620000500;8720195286943;202011726_layout_61.pdf;500
901620000500 | labels tbv 1620000500;8720195286943;202011726_layout_61.pdf;500
901620000500 | labels tbv 1620000500;8720195286943;202011726_layout_61.pdf;500
901620000500 | labels tbv 1620000500;8720195286943;202011726_layout_61.pdf;500
901620000500 | labels tbv 1620000500;8720195286943;202011726_layout_61.pdf;500
901620000500 | labels tbv 1620000500;8720195286943;202011726_layout_61.pdf;500
901620000500 | labels tbv 1620000500;8720195286943;202011726_layout_61.pdf;500
901620000500 | labels tbv 1620000500;8720195286943;202011726_layout_61.pdf;500
901620000500 | labels tbv 1620000500;8720195286943;202011726_layout_61.pdf;500
901620000500 | labels tbv 1620000500;8720195286943;202011726_layout_61.pdf;500
901620000500 | labels tbv 1620000500;8720195286943;202011726_layout_61.pdf;500
901620000500 | labels tbv 1620000500;8720195286943;202011726_layout_61.pdf;500
901620000500 | labels tbv 1620000500;8720195286943;202011726_layout_61.pdf;500
901620000500 | labels tbv 1620000500;8720195286943;202011726_layout_61.pdf;500
901620000500 | labels tbv 1620000500;8720195286943;202011726_layout_61.pdf;500
901620000500 | labels tbv 1620000500;8720195286943;202011726_layout_61.pdf;500
901620000500 | labels tbv 1620000500;8720195286943;202011726_layout_61.pdf;500
901620000500 | labels tbv 1620000500;8720195286943;202011726_layout_61.pdf;500
901620000500 | labels tbv 1620000500;8720195286943;202011726_layout_61.pdf;500
901620000500 | labels tbv 1620000500;8720195286943;202011726_layout_61.pdf;500
901620000500 | labels tbv 1620000500;8720195286943;202011726_layout_61.pdf;500
901620000500 | labels tbv 1620000500;8720195286943;202011726_layout_61.pdf;500
901620000500 | labels tbv 1620000500;8720195286943;202011726_layout_61.pdf;500
901620000500 | labels tbv 1620000500;8720195286943;202011726_layout_61.pdf;500
901620000500 | labels tbv 1620000500;8720195286943;202011726_layout_61.pdf;500
901620000500 | labels tbv 1620000500;8720195286943;202011726_layout_61.pdf;500
901620000500 | labels tbv 1620000500;8720195286943;202011726_layout_61.pdf;500
901620000500 | labels tbv 1620000500;8720195286943;202011726_layout_61.pdf;500
901620000500 | labels tbv 1620000500;8720195286943;202011726_layout_61.pdf;500
901620000500 | labels tbv 1620000500;8720195286943;202011726_layout_61.pdf;500
901620000500 | labels tbv 1620000500;8720195286943;202011726_layout_61.pdf;500
901620000500 | labels tbv 1620000500;8720195286943;202011726_layout_61.pdf;500
901620000500 | labels tbv 1620000500;8720195286943;202011726_layout_61.pdf;500
901620000500 | labels tbv 1620000500;8720195286943;202011726_layout_61.pdf;500
901620000500 | labels tbv 1620000500;8720195286943;202011726_layout_61.pdf;500
901620000500 | labels tbv 1620000500;8720195286943;202011726_layout_61.pdf;500
901620000500 | labels tbv 1620000500;8720195286943;202011726_layout_61.pdf;500
901620000500 | labels tbv 1620000500;8720195286943;202011726_layout_61.pdf;500
901620000500 | labels tbv 1620000500;8720195286943;202011726_layout_61.pdf;500
901620000500 | labels tbv 1620000500;8720195286943;202011726_layout_61.pdf;500
901620000500 | labels tbv 1620000500;8720195286943;202011726_layout_61.pdf;500
901620000500 | labels tbv 1620000500;8720195286943;202011726_layout_61.pdf;500
901620000500 | labels tbv 1620000500;8720195286943;202011726_layout_61.pdf;500
901620000500 | labels tbv 1620000500;8720195286943;202011726_layout_61.pdf;500
901620000500 | labels tbv 1620000500;8720195286943;202011726_layout_61.pdf;500
901620000500 | labels tbv 1620000500;8720195286943;202011726_layout_61.pdf;500
901620000500 | labels tbv 1620000500;8720195286943;202011726_layout_61.pdf;500
901620000500 | labels tbv 1620000500;8720195286943;202011726_layout_61.pdf;500
901620000500 | labels tbv 1620000500;8720195286943;202011726_layout_61.pdf;500
901620000500 | labels tbv 1620000500;8720195286943;202011726_layout_61.pdf;500
901620000500 | labels tbv 1620000500;8720195286943;202011726_layout_61.pdf;500
901620000500 | labels tbv 1620000500;8720195286943;202011726_layout_61.pdf;500
901620000500 | labels tbv 1620000500;8720195286943;202011726_layout_61.pdf;500
901620000500 | labels tbv 1620000500;8720195286943;202011726_layout_61.pdf;500
901620000500 | labels tbv 1620000500;8720195286943;202011726_layout_61.pdf;500
901620000500 | labels tbv 1620000500;8720195286943;202011726_layout_61.pdf;500
901620000500 | labels tbv 1620000500;8720195286943;202011726_layout_61.pdf;500
901620000500 | labels tbv 1620000500;8720195286943;202011726_layout_61.pdf;500
901620000550 | labels tbv 1620000550;8720195286950;202011726_layout_62.pdf;500
901620000550 | labels tbv 1620000550;8720195286950;202011726_layout_62.pdf;500
901620000550 | labels tbv 1620000550;8720195286950;202011726_layout_62.pdf;500
901620000550 | labels tbv 1620000550;8720195286950;202011726_layout_62.pdf;500
901620000600 | labels tbv 1620000600;8720195286967;202011726_layout_63.pdf;500
901620000600 | labels tbv 1620000600;8720195286967;202011726_layout_63.pdf;500
901620000600 | labels tbv 1620000600;8720195286967;202011726_layout_63.pdf;500
901620000600 | labels tbv 1620000600;8720195286967;202011726_layout_63.pdf;500
901631000200 | labels tbv 1631000200;8720195286974;202011726_layout_64.pdf;500
901631000200 | labels tbv 1631000200;8720195286974;202011726_layout_64.pdf;500
901631000200 | labels tbv 1631000200;8720195286974;202011726_layout_64.pdf;500
901631000200 | labels tbv 1631000200;8720195286974;202011726_layout_64.pdf;500
901631000200 | labels tbv 1631000200;8720195286974;202011726_layout_64.pdf;500
901631000200 | labels tbv 1631000200;8720195286974;202011726_layout_64.pdf;500
901631000200 | labels tbv 1631000200;8720195286974;202011726_layout_64.pdf;500
901631000200 | labels tbv 1631000200;8720195286974;202011726_layout_64.pdf;500
901631000200 | labels tbv 1631000200;8720195286974;202011726_layout_64.pdf;500
901631000200 | labels tbv 1631000200;8720195286974;202011726_layout_64.pdf;500
901631000200 | labels tbv 1631000200;8720195286974;202011726_layout_64.pdf;500
901631000200 | labels tbv 1631000200;8720195286974;202011726_layout_64.pdf;500
901631000200 | labels tbv 1631000200;8720195286974;202011726_layout_64.pdf;500
901631000200 | labels tbv 1631000200;8720195286974;202011726_layout_64.pdf;500
901631000200 | labels tbv 1631000200;8720195286974;202011726_layout_64.pdf;500
901631000200 | labels tbv 1631000200;8720195286974;202011726_layout_64.pdf;500
901631000200 | labels tbv 1631000200;8720195286974;202011726_layout_64.pdf;500
901631000200 | labels tbv 1631000200;8720195286974;202011726_layout_64.pdf;500
901631000200 | labels tbv 1631000200;8720195286974;202011726_layout_64.pdf;500
901631000200 | labels tbv 1631000200;8720195286974;202011726_layout_64.pdf;500
901631000200 | labels tbv 1631000200;8720195286974;202011726_layout_64.pdf;500
901631000200 | labels tbv 1631000200;8720195286974;202011726_layout_64.pdf;500
901631000200 | labels tbv 1631000200;8720195286974;202011726_layout_64.pdf;500
901631000200 | labels tbv 1631000200;8720195286974;202011726_layout_64.pdf;500
901631000200 | labels tbv 1631000200;8720195286974;202011726_layout_64.pdf;500
901631000200 | labels tbv 1631000200;8720195286974;202011726_layout_64.pdf;500
901631000200 | labels tbv 1631000200;8720195286974;202011726_layout_64.pdf;500
901631000200 | labels tbv 1631000200;8720195286974;202011726_layout_64.pdf;500
901631000200 | labels tbv 1631000200;8720195286974;202011726_layout_64.pdf;500
901631000200 | labels tbv 1631000200;8720195286974;202011726_layout_64.pdf;500
901631000200 | labels tbv 1631000200;8720195286974;202011726_layout_64.pdf;500
901631000200 | labels tbv 1631000200;8720195286974;202011726_layout_64.pdf;500
901631000200 | labels tbv 1631000200;8720195286974;202011726_layout_64.pdf;500
901631000200 | labels tbv 1631000200;8720195286974;202011726_layout_64.pdf;500
901631000200 | labels tbv 1631000200;8720195286974;202011726_layout_64.pdf;500
901631000200 | labels tbv 1631000200;8720195286974;202011726_layout_64.pdf;500
901631000200 | labels tbv 1631000200;8720195286974;202011726_layout_64.pdf;500
901631000200 | labels tbv 1631000200;8720195286974;202011726_layout_64.pdf;500
901631000200 | labels tbv 1631000200;8720195286974;202011726_layout_64.pdf;500
901631000200 | labels tbv 1631000200;8720195286974;202011726_layout_64.pdf;500
901631000200 | labels tbv 1631000200;8720195286974;202011726_layout_64.pdf;500
901631000200 | labels tbv 1631000200;8720195286974;202011726_layout_64.pdf;500
901631000200 | labels tbv 1631000200;8720195286974;202011726_layout_64.pdf;500
901631000200 | labels tbv 1631000200;8720195286974;202011726_layout_64.pdf;500
901631000200 | labels tbv 1631000200;8720195286974;202011726_layout_64.pdf;500
901631000200 | labels tbv 1631000200;8720195286974;202011726_layout_64.pdf;500
901631000200 | labels tbv 1631000200;8720195286974;202011726_layout_64.pdf;500
901631000200 | labels tbv 1631000200;8720195286974;202011726_layout_64.pdf;500
901631000200 | labels tbv 1631000200;8720195286974;202011726_layout_64.pdf;500
901631000200 | labels tbv 1631000200;8720195286974;202011726_layout_64.pdf;500
901631000200 | labels tbv 1631000200;8720195286974;202011726_layout_64.pdf;500
901631000200 | labels tbv 1631000200;8720195286974;202011726_layout_64.pdf;500
901631000200 | labels tbv 1631000200;8720195286974;202011726_layout_64.pdf;500
901631000200 | labels tbv 1631000200;8720195286974;202011726_layout_64.pdf;500
901631000250 | labels tbv 1631000250;8720195286981;202011726_layout_65.pdf;500
901631000250 | labels tbv 1631000250;8720195286981;202011726_layout_65.pdf;500
901631000250 | labels tbv 1631000250;8720195286981;202011726_layout_65.pdf;500
901631000250 | labels tbv 1631000250;8720195286981;202011726_layout_65.pdf;500
901631000275 | labels tbv 1631000275;8720195286998;202011726_layout_66.pdf;500
901631000275 | labels tbv 1631000275;8720195286998;202011726_layout_66.pdf;500
901631000275 | labels tbv 1631000275;8720195286998;202011726_layout_66.pdf;500
901631000275 | labels tbv 1631000275;8720195286998;202011726_layout_66.pdf;500
901631000275 | labels tbv 1631000275;8720195286998;202011726_layout_66.pdf;500
901631000275 | labels tbv 1631000275;8720195286998;202011726_layout_66.pdf;500
901631000275 | labels tbv 1631000275;8720195286998;202011726_layout_66.pdf;500
901631000275 | labels tbv 1631000275;8720195286998;202011726_layout_66.pdf;500
901631000275 | labels tbv 1631000275;8720195286998;202011726_layout_66.pdf;500
901631000275 | labels tbv 1631000275;8720195286998;202011726_layout_66.pdf;500
901631000275 | labels tbv 1631000275;8720195286998;202011726_layout_66.pdf;500
901631000275 | labels tbv 1631000275;8720195286998;202011726_layout_66.pdf;500
901631000275 | labels tbv 1631000275;8720195286998;202011726_layout_66.pdf;500
901631000275 | labels tbv 1631000275;8720195286998;202011726_layout_66.pdf;500
901631000300 | labels tbv 1631000300;8720195287001;202011726_layout_67.pdf;500
901631000300 | labels tbv 1631000300;8720195287001;202011726_layout_67.pdf;500
901631000300 | labels tbv 1631000300;8720195287001;202011726_layout_67.pdf;500
901631000300 | labels tbv 1631000300;8720195287001;202011726_layout_67.pdf;500
901631000300 | labels tbv 1631000300;8720195287001;202011726_layout_67.pdf;500
901631000300 | labels tbv 1631000300;8720195287001;202011726_layout_67.pdf;500
901631000300 | labels tbv 1631000300;8720195287001;202011726_layout_67.pdf;500
901631000300 | labels tbv 1631000300;8720195287001;202011726_layout_67.pdf;500
901631000375 | labels tbv 1631000375;8720195287018;202011726_layout_68.pdf;500
901631000375 | labels tbv 1631000375;8720195287018;202011726_layout_68.pdf;500
901631001200 | labels tbv 1631001200;8720195287025;202011726_layout_69.pdf;500
901631001200 | labels tbv 1631001200;8720195287025;202011726_layout_69.pdf;500
901631001200 | labels tbv 1631001200;8720195287025;202011726_layout_69.pdf;500
901631001200 | labels tbv 1631001200;8720195287025;202011726_layout_69.pdf;500
901631001200 | labels tbv 1631001200;8720195287025;202011726_layout_69.pdf;500
901631001200 | labels tbv 1631001200;8720195287025;202011726_layout_69.pdf;500
901631001200 | labels tbv 1631001200;8720195287025;202011726_layout_69.pdf;500
901631001200 | labels tbv 1631001200;8720195287025;202011726_layout_69.pdf;500
901631001200 | labels tbv 1631001200;8720195287025;202011726_layout_69.pdf;500
901631001200 | labels tbv 1631001200;8720195287025;202011726_layout_69.pdf;500
901631001200 | labels tbv 1631001200;8720195287025;202011726_layout_69.pdf;500
901631001200 | labels tbv 1631001200;8720195287025;202011726_layout_69.pdf;500
901631001200 | labels tbv 1631001200;8720195287025;202011726_layout_69.pdf;500
901631001200 | labels tbv 1631001200;8720195287025;202011726_layout_69.pdf;500
901631001200 | labels tbv 1631001200;8720195287025;202011726_layout_69.pdf;500
901631001200 | labels tbv 1631001200;8720195287025;202011726_layout_69.pdf;500
901631001200 | labels tbv 1631001200;8720195287025;202011726_layout_69.pdf;500
901631001200 | labels tbv 1631001200;8720195287025;202011726_layout_69.pdf;500
901631001200 | labels tbv 1631001200;8720195287025;202011726_layout_69.pdf;500
901631001200 | labels tbv 1631001200;8720195287025;202011726_layout_69.pdf;500
901631001200 | labels tbv 1631001200;8720195287025;202011726_layout_69.pdf;500
901631001200 | labels tbv 1631001200;8720195287025;202011726_layout_69.pdf;500
901631001200 | labels tbv 1631001200;8720195287025;202011726_layout_69.pdf;500
901631001200 | labels tbv 1631001200;8720195287025;202011726_layout_69.pdf;500
901631001200 | labels tbv 1631001200;8720195287025;202011726_layout_69.pdf;500
901631001200 | labels tbv 1631001200;8720195287025;202011726_layout_69.pdf;500
901631001200 | labels tbv 1631001200;8720195287025;202011726_layout_69.pdf;500
901631001200 | labels tbv 1631001200;8720195287025;202011726_layout_69.pdf;500
901631001200 | labels tbv 1631001200;8720195287025;202011726_layout_69.pdf;500
901631001200 | labels tbv 1631001200;8720195287025;202011726_layout_69.pdf;500
901631001200 | labels tbv 1631001200;8720195287025;202011726_layout_69.pdf;500
901631001200 | labels tbv 1631001200;8720195287025;202011726_layout_69.pdf;500
901631001200 | labels tbv 1631001200;8720195287025;202011726_layout_69.pdf;500
901631001200 | labels tbv 1631001200;8720195287025;202011726_layout_69.pdf;500
901631001200 | labels tbv 1631001200;8720195287025;202011726_layout_69.pdf;500
901631001200 | labels tbv 1631001200;8720195287025;202011726_layout_69.pdf;500
901631001200 | labels tbv 1631001200;8720195287025;202011726_layout_69.pdf;500
901631001200 | labels tbv 1631001200;8720195287025;202011726_layout_69.pdf;500
901631001200 | labels tbv 1631001200;8720195287025;202011726_layout_69.pdf;500
901631001200 | labels tbv 1631001200;8720195287025;202011726_layout_69.pdf;500
901631001200 | labels tbv 1631001200;8720195287025;202011726_layout_69.pdf;500
901631001200 | labels tbv 1631001200;8720195287025;202011726_layout_69.pdf;500
901631001200 | labels tbv 1631001200;8720195287025;202011726_layout_69.pdf;500
901631001200 | labels tbv 1631001200;8720195287025;202011726_layout_69.pdf;500
901631001200 | labels tbv 1631001200;8720195287025;202011726_layout_69.pdf;500
901631001200 | labels tbv 1631001200;8720195287025;202011726_layout_69.pdf;500
901631001200 | labels tbv 1631001200;8720195287025;202011726_layout_69.pdf;500
901631001200 | labels tbv 1631001200;8720195287025;202011726_layout_69.pdf;500
901631001200 | labels tbv 1631001200;8720195287025;202011726_layout_69.pdf;500
901631001200 | labels tbv 1631001200;8720195287025;202011726_layout_69.pdf;500
901631001200 | labels tbv 1631001200;8720195287025;202011726_layout_69.pdf;500
901631001200 | labels tbv 1631001200;8720195287025;202011726_layout_69.pdf;500
901631001200 | labels tbv 1631001200;8720195287025;202011726_layout_69.pdf;500
901631001200 | labels tbv 1631001200;8720195287025;202011726_layout_69.pdf;500
901631001200 | labels tbv 1631001200;8720195287025;202011726_layout_69.pdf;500
901631001200 | labels tbv 1631001200;8720195287025;202011726_layout_69.pdf;500
901631001200 | labels tbv 1631001200;8720195287025;202011726_layout_69.pdf;500
901631001200 | labels tbv 1631001200;8720195287025;202011726_layout_69.pdf;500
901631001200 | labels tbv 1631001200;8720195287025;202011726_layout_69.pdf;500
901631001200 | labels tbv 1631001200;8720195287025;202011726_layout_69.pdf;500
901631001200 | labels tbv 1631001200;8720195287025;202011726_layout_69.pdf;500
901631001200 | labels tbv 1631001200;8720195287025;202011726_layout_69.pdf;500
901631001200 | labels tbv 1631001200;8720195287025;202011726_layout_69.pdf;500
901631001200 | labels tbv 1631001200;8720195287025;202011726_layout_69.pdf;500
901631001200 | labels tbv 1631001200;8720195287025;202011726_layout_69.pdf;500
901631001200 | labels tbv 1631001200;8720195287025;202011726_layout_69.pdf;500
901631001200 | labels tbv 1631001200;8720195287025;202011726_layout_69.pdf;500
901631001200 | labels tbv 1631001200;8720195287025;202011726_layout_69.pdf;500
901631001200 | labels tbv 1631001200;8720195287025;202011726_layout_69.pdf;500
901631001200 | labels tbv 1631001200;8720195287025;202011726_layout_69.pdf;500
901631001200 | labels tbv 1631001200;8720195287025;202011726_layout_69.pdf;500
901631001200 | labels tbv 1631001200;8720195287025;202011726_layout_69.pdf;500
901631001200 | labels tbv 1631001200;8720195287025;202011726_layout_69.pdf;500
901631001200 | labels tbv 1631001200;8720195287025;202011726_layout_69.pdf;500
901631001200 | labels tbv 1631001200;8720195287025;202011726_layout_69.pdf;500
901631001200 | labels tbv 1631001200;8720195287025;202011726_layout_69.pdf;500
901631001200 | labels tbv 1631001200;8720195287025;202011726_layout_69.pdf;500
901631001200 | labels tbv 1631001200;8720195287025;202011726_layout_69.pdf;500
901631001200 | labels tbv 1631001200;8720195287025;202011726_layout_69.pdf;500
901631001200 | labels tbv 1631001200;8720195287025;202011726_layout_69.pdf;500
901631001200 | labels tbv 1631001200;8720195287025;202011726_layout_69.pdf;500
901631001200 | labels tbv 1631001200;8720195287025;202011726_layout_69.pdf;500
901631001200 | labels tbv 1631001200;8720195287025;202011726_layout_69.pdf;500
901631001200 | labels tbv 1631001200;8720195287025;202011726_layout_69.pdf;500
901631001200 | labels tbv 1631001200;8720195287025;202011726_layout_69.pdf;500
901631001200 | labels tbv 1631001200;8720195287025;202011726_layout_69.pdf;500
901631001200 | labels tbv 1631001200;8720195287025;202011726_layout_69.pdf;500
901631001200 | labels tbv 1631001200;8720195287025;202011726_layout_69.pdf;500
901631001200 | labels tbv 1631001200;8720195287025;202011726_layout_69.pdf;500
901631001200 | labels tbv 1631001200;8720195287025;202011726_layout_69.pdf;500
901631001200 | labels tbv 1631001200;8720195287025;202011726_layout_69.pdf;500
901631001200 | labels tbv 1631001200;8720195287025;202011726_layout_69.pdf;500
901631001200 | labels tbv 1631001200;8720195287025;202011726_layout_69.pdf;500
901631001200 | labels tbv 1631001200;8720195287025;202011726_layout_69.pdf;500
901631001200 | labels tbv 1631001200;8720195287025;202011726_layout_69.pdf;500
901631001200 | labels tbv 1631001200;8720195287025;202011726_layout_69.pdf;500
901631001200 | labels tbv 1631001200;8720195287025;202011726_layout_69.pdf;500
901631001200 | labels tbv 1631001200;8720195287025;202011726_layout_69.pdf;500
901631001200 | labels tbv 1631001200;8720195287025;202011726_layout_69.pdf;500
901631001200 | labels tbv 1631001200;8720195287025;202011726_layout_69.pdf;500
901631001200 | labels tbv 1631001200;8720195287025;202011726_layout_69.pdf;500
901631001200 | labels tbv 1631001200;8720195287025;202011726_layout_69.pdf;500
901631001200 | labels tbv 1631001200;8720195287025;202011726_layout_69.pdf;500
901631001200 | labels tbv 1631001200;8720195287025;202011726_layout_69.pdf;500
901631001200 | labels tbv 1631001200;8720195287025;202011726_layout_69.pdf;500
901631001200 | labels tbv 1631001200;8720195287025;202011726_layout_69.pdf;500
901631001200 | labels tbv 1631001200;8720195287025;202011726_layout_69.pdf;500
901631001200 | labels tbv 1631001200;8720195287025;202011726_layout_69.pdf;500
901631001200 | labels tbv 1631001200;8720195287025;202011726_layout_69.pdf;500
901631001200 | labels tbv 1631001200;8720195287025;202011726_layout_69.pdf;500
901631001200 | labels tbv 1631001200;8720195287025;202011726_layout_69.pdf;500
901631001200 | labels tbv 1631001200;8720195287025;202011726_layout_69.pdf;500
901631001200 | labels tbv 1631001200;8720195287025;202011726_layout_69.pdf;500
901631001200 | labels tbv 1631001200;8720195287025;202011726_layout_69.pdf;500
901631001200 | labels tbv 1631001200;8720195287025;202011726_layout_69.pdf;500
901631001200 | labels tbv 1631001200;8720195287025;202011726_layout_69.pdf;500
901631001200 | labels tbv 1631001200;8720195287025;202011726_layout_69.pdf;500
901631001200 | labels tbv 1631001200;8720195287025;202011726_layout_69.pdf;500
901631001200 | labels tbv 1631001200;8720195287025;202011726_layout_69.pdf;500
901631001200 | labels tbv 1631001200;8720195287025;202011726_layout_69.pdf;500
901631001200 | labels tbv 1631001200;8720195287025;202011726_layout_69.pdf;500
901631001200 | labels tbv 1631001200;8720195287025;202011726_layout_69.pdf;500
901631001200 | labels tbv 1631001200;8720195287025;202011726_layout_69.pdf;500
901631001200 | labels tbv 1631001200;8720195287025;202011726_layout_69.pdf;500
901631001200 | labels tbv 1631001200;8720195287025;202011726_layout_69.pdf;500
901631001200 | labels tbv 1631001200;8720195287025;202011726_layout_69.pdf;500
901631001200 | labels tbv 1631001200;8720195287025;202011726_layout_69.pdf;500
901631001200 | labels tbv 1631001200;8720195287025;202011726_layout_69.pdf;500
901631001200 | labels tbv 1631001200;8720195287025;202011726_layout_69.pdf;500
901631001200 | labels tbv 1631001200;8720195287025;202011726_layout_69.pdf;500
901631001200 | labels tbv 1631001200;8720195287025;202011726_layout_69.pdf;500
901631001200 | labels tbv 1631001200;8720195287025;202011726_layout_69.pdf;500
901631001200 | labels tbv 1631001200;8720195287025;202011726_layout_69.pdf;500
901631001200 | labels tbv 1631001200;8720195287025;202011726_layout_69.pdf;500
901631001200 | labels tbv 1631001200;8720195287025;202011726_layout_69.pdf;500
901631001200 | labels tbv 1631001200;8720195287025;202011726_layout_69.pdf;500
901631001200 | labels tbv 1631001200;8720195287025;202011726_layout_69.pdf;500
901631001200 | labels tbv 1631001200;8720195287025;202011726_layout_69.pdf;500
901631001200 | labels tbv 1631001200;8720195287025;202011726_layout_69.pdf;500
901631001200 | labels tbv 1631001200;8720195287025;202011726_layout_69.pdf;500
901631001200 | labels tbv 1631001200;8720195287025;202011726_layout_69.pdf;500
901631001200 | labels tbv 1631001200;8720195287025;202011726_layout_69.pdf;500
901631001200 | labels tbv 1631001200;8720195287025;202011726_layout_69.pdf;500
901631001200 | labels tbv 1631001200;8720195287025;202011726_layout_69.pdf;500
901631001200 | labels tbv 1631001200;8720195287025;202011726_layout_69.pdf;500
901631001200 | labels tbv 1631001200;8720195287025;202011726_layout_69.pdf;500
901631001200 | labels tbv 1631001200;8720195287025;202011726_layout_69.pdf;500
901631001200 | labels tbv 1631001200;8720195287025;202011726_layout_69.pdf;500
901631001200 | labels tbv 1631001200;8720195287025;202011726_layout_69.pdf;500
901631001200 | labels tbv 1631001200;8720195287025;202011726_layout_69.pdf;500
901631001200 | labels tbv 1631001200;8720195287025;202011726_layout_69.pdf;500
901631001200 | labels tbv 1631001200;8720195287025;202011726_layout_69.pdf;500
901631001200 | labels tbv 1631001200;8720195287025;202011726_layout_69.pdf;500
901631001200 | labels tbv 1631001200;8720195287025;202011726_layout_69.pdf;500
901631001200 | labels tbv 1631001200;8720195287025;202011726_layout_69.pdf;500
901631001200 | labels tbv 1631001200;8720195287025;202011726_layout_69.pdf;500
901631001200 | labels tbv 1631001200;8720195287025;202011726_layout_69.pdf;500
901631001200 | labels tbv 1631001200;8720195287025;202011726_layout_69.pdf;500
901631001200 | labels tbv 1631001200;8720195287025;202011726_layout_69.pdf;500
901631001200 | labels tbv 1631001200;8720195287025;202011726_layout_69.pdf;500
901631001200 | labels tbv 1631001200;8720195287025;202011726_layout_69.pdf;500
901631001200 | labels tbv 1631001200;8720195287025;202011726_layout_69.pdf;500
901631001300 | labels tbv 1631001300;8720195287032;202011726_layout_70.pdf;500
901631001300 | labels tbv 1631001300;8720195287032;202011726_layout_70.pdf;500
901631001300 | labels tbv 1631001300;8720195287032;202011726_layout_70.pdf;500
901631001300 | labels tbv 1631001300;8720195287032;202011726_layout_70.pdf;500
901631001300 | labels tbv 1631001300;8720195287032;202011726_layout_70.pdf;500
901631001300 | labels tbv 1631001300;8720195287032;202011726_layout_70.pdf;500
901631001300 | labels tbv 1631001300;8720195287032;202011726_layout_70.pdf;500
901631001300 | labels tbv 1631001300;8720195287032;202011726_layout_70.pdf;500
901631001300 | labels tbv 1631001300;8720195287032;202011726_layout_70.pdf;500
901631001300 | labels tbv 1631001300;8720195287032;202011726_layout_70.pdf;500
901631001300 | labels tbv 1631001300;8720195287032;202011726_layout_70.pdf;500
901631001300 | labels tbv 1631001300;8720195287032;202011726_layout_70.pdf;500
901640000200 | labels tbv 1640000200;8720195287049;202011726_layout_71.pdf;500
901640000200 | labels tbv 1640000200;8720195287049;202011726_layout_71.pdf;500
901640000200 | labels tbv 1640000200;8720195287049;202011726_layout_71.pdf;500
901640000200 | labels tbv 1640000200;8720195287049;202011726_layout_71.pdf;500
901640000200 | labels tbv 1640000200;8720195287049;202011726_layout_71.pdf;500
901640000200 | labels tbv 1640000200;8720195287049;202011726_layout_71.pdf;500
901640000200 | labels tbv 1640000200;8720195287049;202011726_layout_71.pdf;500
901640000200 | labels tbv 1640000200;8720195287049;202011726_layout_71.pdf;500
901640000200 | labels tbv 1640000200;8720195287049;202011726_layout_71.pdf;500
901640000200 | labels tbv 1640000200;8720195287049;202011726_layout_71.pdf;500
901640000200 | labels tbv 1640000200;8720195287049;202011726_layout_71.pdf;500
901640000200 | labels tbv 1640000200;8720195287049;202011726_layout_71.pdf;500
901640000200 | labels tbv 1640000200;8720195287049;202011726_layout_71.pdf;500
901640000200 | labels tbv 1640000200;8720195287049;202011726_layout_71.pdf;500
901640000200 | labels tbv 1640000200;8720195287049;202011726_layout_71.pdf;500
901640000200 | labels tbv 1640000200;8720195287049;202011726_layout_71.pdf;500
901640000200 | labels tbv 1640000200;8720195287049;202011726_layout_71.pdf;500
901640000200 | labels tbv 1640000200;8720195287049;202011726_layout_71.pdf;500
901640000200 | labels tbv 1640000200;8720195287049;202011726_layout_71.pdf;500
901640000200 | labels tbv 1640000200;8720195287049;202011726_layout_71.pdf;500
901640000200 | labels tbv 1640000200;8720195287049;202011726_layout_71.pdf;500
901640000200 | labels tbv 1640000200;8720195287049;202011726_layout_71.pdf;500
901640000200 | labels tbv 1640000200;8720195287049;202011726_layout_71.pdf;500
901640000200 | labels tbv 1640000200;8720195287049;202011726_layout_71.pdf;500
901640000200 | labels tbv 1640000200;8720195287049;202011726_layout_71.pdf;500
901640000200 | labels tbv 1640000200;8720195287049;202011726_layout_71.pdf;500
901640000200 | labels tbv 1640000200;8720195287049;202011726_layout_71.pdf;500
901640000200 | labels tbv 1640000200;8720195287049;202011726_layout_71.pdf;500
901640000301 | labels tbv 1640000301;8720195287056;202011726_layout_72.pdf;500
901640000301 | labels tbv 1640000301;8720195287056;202011726_layout_72.pdf;500
901640000301 | labels tbv 1640000301;8720195287056;202011726_layout_72.pdf;500
901640000301 | labels tbv 1640000301;8720195287056;202011726_layout_72.pdf;500
901640000700 | labels tbv 1640000700;8720195287063;202011726_layout_73.pdf;500
901640000700 | labels tbv 1640000700;8720195287063;202011726_layout_73.pdf;500
901640000700 | labels tbv 1640000700;8720195287063;202011726_layout_73.pdf;500
901640000700 | labels tbv 1640000700;8720195287063;202011726_layout_73.pdf;500
901640000875 | labels tbv 1640000875;8720195287070;202011726_layout_74.pdf;500
901640000875 | labels tbv 1640000875;8720195287070;202011726_layout_74.pdf;500
901640001100 | labels tbv 1640001100;8720195287087;202011726_layout_75.pdf;500
901640001100 | labels tbv 1640001100;8720195287087;202011726_layout_75.pdf;500
901640001100 | labels tbv 1640001100;8720195287087;202011726_layout_75.pdf;500
901640001100 | labels tbv 1640001100;8720195287087;202011726_layout_75.pdf;500
901640001100 | labels tbv 1640001100;8720195287087;202011726_layout_75.pdf;500
901640001100 | labels tbv 1640001100;8720195287087;202011726_layout_75.pdf;500
901640001100 | labels tbv 1640001100;8720195287087;202011726_layout_75.pdf;500
901640001100 | labels tbv 1640001100;8720195287087;202011726_layout_75.pdf;500
901640001100 | labels tbv 1640001100;8720195287087;202011726_layout_75.pdf;500
901640001100 | labels tbv 1640001100;8720195287087;202011726_layout_75.pdf;500
901640001100 | labels tbv 1640001100;8720195287087;202011726_layout_75.pdf;500
901640001100 | labels tbv 1640001100;8720195287087;202011726_layout_75.pdf;500
901640001100 | labels tbv 1640001100;8720195287087;202011726_layout_75.pdf;500
901640001100 | labels tbv 1640001100;8720195287087;202011726_layout_75.pdf;500
901640001100 | labels tbv 1640001100;8720195287087;202011726_layout_75.pdf;500
901640001100 | labels tbv 1640001100;8720195287087;202011726_layout_75.pdf;500
901640001100 | labels tbv 1640001100;8720195287087;202011726_layout_75.pdf;500
901640001100 | labels tbv 1640001100;8720195287087;202011726_layout_75.pdf;500
901640001100 | labels tbv 1640001100;8720195287087;202011726_layout_75.pdf;500
901640001100 | labels tbv 1640001100;8720195287087;202011726_layout_75.pdf;500
901640001100 | labels tbv 1640001100;8720195287087;202011726_layout_75.pdf;500
901640001100 | labels tbv 1640001100;8720195287087;202011726_layout_75.pdf;500
901640001100 | labels tbv 1640001100;8720195287087;202011726_layout_75.pdf;500
901640001100 | labels tbv 1640001100;8720195287087;202011726_layout_75.pdf;500
901640001155 | labels tbv 1640001155;8720195287094;202011726_layout_76.pdf;500
901640001155 | labels tbv 1640001155;8720195287094;202011726_layout_76.pdf;500
901640001155 | labels tbv 1640001155;8720195287094;202011726_layout_76.pdf;500
901640001155 | labels tbv 1640001155;8720195287094;202011726_layout_76.pdf;500
901660000507 | labels tbv 1660000507;8720195287100;202011726_layout_77.pdf;500
901660000507 | labels tbv 1660000507;8720195287100;202011726_layout_77.pdf;500
901660000510 | labels tbv 1660000510;8720195287117;202011726_layout_78.pdf;500
901660000510 | labels tbv 1660000510;8720195287117;202011726_layout_78.pdf;500
901660000510 | labels tbv 1660000510;8720195287117;202011726_layout_78.pdf;500
901660000510 | labels tbv 1660000510;8720195287117;202011726_layout_78.pdf;500
901660000510 | labels tbv 1660000510;8720195287117;202011726_layout_78.pdf;500
901660000510 | labels tbv 1660000510;8720195287117;202011726_layout_78.pdf;500
901660000510 | labels tbv 1660000510;8720195287117;202011726_layout_78.pdf;500
901660000510 | labels tbv 1660000510;8720195287117;202011726_layout_78.pdf;500
901660000520 | labels tbv 1660000520;8720195287124;202011726_layout_79.pdf;500
901660000520 | labels tbv 1660000520;8720195287124;202011726_layout_79.pdf;500
901660000520 | labels tbv 1660000520;8720195287124;202011726_layout_79.pdf;500
901660000520 | labels tbv 1660000520;8720195287124;202011726_layout_79.pdf;500
901660000520 | labels tbv 1660000520;8720195287124;202011726_layout_79.pdf;500
901660000520 | labels tbv 1660000520;8720195287124;202011726_layout_79.pdf;500
901660000520 | labels tbv 1660000520;8720195287124;202011726_layout_79.pdf;500
901660000520 | labels tbv 1660000520;8720195287124;202011726_layout_79.pdf;500
902810000155 | labels tbv 2810000155;8720195287131;202011726_layout_80.pdf;500
902810000155 | labels tbv 2810000155;8720195287131;202011726_layout_80.pdf;500
902810000155 | labels tbv 2810000155;8720195287131;202011726_layout_80.pdf;500
902810000155 | labels tbv 2810000155;8720195287131;202011726_layout_80.pdf;500
902810000155 | labels tbv 2810000155;8720195287131;202011726_layout_80.pdf;500
902810000155 | labels tbv 2810000155;8720195287131;202011726_layout_80.pdf;500
902810000180 | labels tbv 2810000180;8720195287148;202011726_layout_81.pdf;500
902810000180 | labels tbv 2810000180;8720195287148;202011726_layout_81.pdf;500
902810000180 | labels tbv 2810000180;8720195287148;202011726_layout_81.pdf;500
902810000180 | labels tbv 2810000180;8720195287148;202011726_layout_81.pdf;500
902810000180 | labels tbv 2810000180;8720195287148;202011726_layout_81.pdf;500
902810000180 | labels tbv 2810000180;8720195287148;202011726_layout_81.pdf;500
902810000180 | labels tbv 2810000180;8720195287148;202011726_layout_81.pdf;500
902810000180 | labels tbv 2810000180;8720195287148;202011726_layout_81.pdf;500
;;leeg.pdf;500
;;leeg.pdf;500
