omschrijving_sluit;sluit_barcode;beeld;aantal
Rol 0001   900810000100 | labels tbv 0810000100;8720195286349;202011726_layout_1.pdf;500
Rol 0002   900810000100 | labels tbv 0810000100;8720195286349;202011726_layout_1.pdf;500
Rol 0003   900810000100 | labels tbv 0810000100;8720195286349;202011726_layout_1.pdf;500
Rol 0004   900810000100 | labels tbv 0810000100;8720195286349;202011726_layout_1.pdf;500
Rol 0005   900810000100 | labels tbv 0810000100;8720195286349;202011726_layout_1.pdf;500
Rol 0006   900810000100 | labels tbv 0810000100;8720195286349;202011726_layout_1.pdf;500
Rol 0007   900810000100 | labels tbv 0810000100;8720195286349;202011726_layout_1.pdf;500
Rol 0008   900810000100 | labels tbv 0810000100;8720195286349;202011726_layout_1.pdf;500
Rol 0009   900810000100 | labels tbv 0810000100;8720195286349;202011726_layout_1.pdf;500
Rol 0010   900810000100 | labels tbv 0810000100;8720195286349;202011726_layout_1.pdf;500
Rol 0011   900810000100 | labels tbv 0810000100;8720195286349;202011726_layout_1.pdf;500
Rol 0012   900810000100 | labels tbv 0810000100;8720195286349;202011726_layout_1.pdf;500
Rol 0013   900810000100 | labels tbv 0810000100;8720195286349;202011726_layout_1.pdf;500
Rol 0014   900810000100 | labels tbv 0810000100;8720195286349;202011726_layout_1.pdf;500
Rol 0015   900810000200 | labels tbv 0810000200;8720195286356;202011726_layout_2.pdf;500
Rol 0016   900810000200 | labels tbv 0810000200;8720195286356;202011726_layout_2.pdf;500
Rol 0017   900810000200 | labels tbv 0810000200;8720195286356;202011726_layout_2.pdf;500
Rol 0018   900810000200 | labels tbv 0810000200;8720195286356;202011726_layout_2.pdf;500
Rol 0019   900810000200 | labels tbv 0810000200;8720195286356;202011726_layout_2.pdf;500
Rol 0020   900810000200 | labels tbv 0810000200;8720195286356;202011726_layout_2.pdf;500
Rol 0021   900810000200 | labels tbv 0810000200;8720195286356;202011726_layout_2.pdf;500
Rol 0022   900810000200 | labels tbv 0810000200;8720195286356;202011726_layout_2.pdf;500
Rol 0023   900810000200 | labels tbv 0810000200;8720195286356;202011726_layout_2.pdf;500
Rol 0024   900810000200 | labels tbv 0810000200;8720195286356;202011726_layout_2.pdf;500
Rol 0025   900810000200 | labels tbv 0810000200;8720195286356;202011726_layout_2.pdf;500
Rol 0026   900810000200 | labels tbv 0810000200;8720195286356;202011726_layout_2.pdf;500
Rol 0027   900810000200 | labels tbv 0810000200;8720195286356;202011726_layout_2.pdf;500
Rol 0028   900810000200 | labels tbv 0810000200;8720195286356;202011726_layout_2.pdf;500
Rol 0029   900810000200 | labels tbv 0810000200;8720195286356;202011726_layout_2.pdf;500
Rol 0030   900810000200 | labels tbv 0810000200;8720195286356;202011726_layout_2.pdf;500
Rol 0031   900810000200 | labels tbv 0810000200;8720195286356;202011726_layout_2.pdf;500
Rol 0032   900810000200 | labels tbv 0810000200;8720195286356;202011726_layout_2.pdf;500
Rol 0033   900810000200 | labels tbv 0810000200;8720195286356;202011726_layout_2.pdf;500
Rol 0034   900810000200 | labels tbv 0810000200;8720195286356;202011726_layout_2.pdf;500
Rol 0035   900810000200 | labels tbv 0810000200;8720195286356;202011726_layout_2.pdf;500
Rol 0036   900810000200 | labels tbv 0810000200;8720195286356;202011726_layout_2.pdf;500
Rol 0037   900810000200 | labels tbv 0810000200;8720195286356;202011726_layout_2.pdf;500
Rol 0038   900810000200 | labels tbv 0810000200;8720195286356;202011726_layout_2.pdf;500
Rol 0039   900810000200 | labels tbv 0810000200;8720195286356;202011726_layout_2.pdf;500
Rol 0040   900810000200 | labels tbv 0810000200;8720195286356;202011726_layout_2.pdf;500
Rol 0041   900810000200 | labels tbv 0810000200;8720195286356;202011726_layout_2.pdf;500
Rol 0042   900810000200 | labels tbv 0810000200;8720195286356;202011726_layout_2.pdf;500
Rol 0043   900810000200 | labels tbv 0810000200;8720195286356;202011726_layout_2.pdf;500
Rol 0044   900810000200 | labels tbv 0810000200;8720195286356;202011726_layout_2.pdf;500
Rol 0045   900810000200 | labels tbv 0810000200;8720195286356;202011726_layout_2.pdf;500
Rol 0046   900810000200 | labels tbv 0810000200;8720195286356;202011726_layout_2.pdf;500
Rol 0047   900810000200 | labels tbv 0810000200;8720195286356;202011726_layout_2.pdf;500
Rol 0048   900810000200 | labels tbv 0810000200;8720195286356;202011726_layout_2.pdf;500
Rol 0049   900810000200 | labels tbv 0810000200;8720195286356;202011726_layout_2.pdf;500
Rol 0050   900810000200 | labels tbv 0810000200;8720195286356;202011726_layout_2.pdf;500
Rol 0051   900810000200 | labels tbv 0810000200;8720195286356;202011726_layout_2.pdf;500
Rol 0052   900810000200 | labels tbv 0810000200;8720195286356;202011726_layout_2.pdf;500
Rol 0053   900810000200 | labels tbv 0810000200;8720195286356;202011726_layout_2.pdf;500
Rol 0054   900810000200 | labels tbv 0810000200;8720195286356;202011726_layout_2.pdf;500
Rol 0055   900810000200 | labels tbv 0810000200;8720195286356;202011726_layout_2.pdf;500
Rol 0056   900810000200 | labels tbv 0810000200;8720195286356;202011726_layout_2.pdf;500
Rol 0057   900810000200 | labels tbv 0810000200;8720195286356;202011726_layout_2.pdf;500
Rol 0058   900810000200 | labels tbv 0810000200;8720195286356;202011726_layout_2.pdf;500
Rol 0059   900810000200 | labels tbv 0810000200;8720195286356;202011726_layout_2.pdf;500
Rol 0060   900810000200 | labels tbv 0810000200;8720195286356;202011726_layout_2.pdf;500
Rol 0061   900810000200 | labels tbv 0810000200;8720195286356;202011726_layout_2.pdf;500
Rol 0062   900810000200 | labels tbv 0810000200;8720195286356;202011726_layout_2.pdf;500
Rol 0063   900810000200 | labels tbv 0810000200;8720195286356;202011726_layout_2.pdf;500
Rol 0064   900810000200 | labels tbv 0810000200;8720195286356;202011726_layout_2.pdf;500
Rol 0065   900810000200 | labels tbv 0810000200;8720195286356;202011726_layout_2.pdf;500
Rol 0066   900810000200 | labels tbv 0810000200;8720195286356;202011726_layout_2.pdf;500
Rol 0067   900810000200 | labels tbv 0810000200;8720195286356;202011726_layout_2.pdf;500
Rol 0068   900810000200 | labels tbv 0810000200;8720195286356;202011726_layout_2.pdf;500
Rol 0069   900810000300 | labels tbv 0810000300;8720195286363;202011726_layout_3.pdf;500
Rol 0070   900810000300 | labels tbv 0810000300;8720195286363;202011726_layout_3.pdf;500
Rol 0071   900810000300 | labels tbv 0810000300;8720195286363;202011726_layout_3.pdf;500
Rol 0072   900810000300 | labels tbv 0810000300;8720195286363;202011726_layout_3.pdf;500
Rol 0073   900810000300 | labels tbv 0810000300;8720195286363;202011726_layout_3.pdf;500
Rol 0074   900810000300 | labels tbv 0810000300;8720195286363;202011726_layout_3.pdf;500
Rol 0075   900810000300 | labels tbv 0810000300;8720195286363;202011726_layout_3.pdf;500
Rol 0076   900810000300 | labels tbv 0810000300;8720195286363;202011726_layout_3.pdf;500
Rol 0077   900810000300 | labels tbv 0810000300;8720195286363;202011726_layout_3.pdf;500
Rol 0078   900810000300 | labels tbv 0810000300;8720195286363;202011726_layout_3.pdf;500
Rol 0079   900810000300 | labels tbv 0810000300;8720195286363;202011726_layout_3.pdf;500
Rol 0080   900810000300 | labels tbv 0810000300;8720195286363;202011726_layout_3.pdf;500
Rol 0081   900810000300 | labels tbv 0810000300;8720195286363;202011726_layout_3.pdf;500
Rol 0082   900810000300 | labels tbv 0810000300;8720195286363;202011726_layout_3.pdf;500
Rol 0083   900810000300 | labels tbv 0810000300;8720195286363;202011726_layout_3.pdf;500
Rol 0084   900810000300 | labels tbv 0810000300;8720195286363;202011726_layout_3.pdf;500
Rol 0085   900810000300 | labels tbv 0810000300;8720195286363;202011726_layout_3.pdf;500
Rol 0086   900810000300 | labels tbv 0810000300;8720195286363;202011726_layout_3.pdf;500
Rol 0087   900810000300 | labels tbv 0810000300;8720195286363;202011726_layout_3.pdf;500
Rol 0088   900810000300 | labels tbv 0810000300;8720195286363;202011726_layout_3.pdf;500
Rol 0089   900810000300 | labels tbv 0810000300;8720195286363;202011726_layout_3.pdf;500
Rol 0090   900810000300 | labels tbv 0810000300;8720195286363;202011726_layout_3.pdf;500
Rol 0091   900810000300 | labels tbv 0810000300;8720195286363;202011726_layout_3.pdf;500
Rol 0092   900810000300 | labels tbv 0810000300;8720195286363;202011726_layout_3.pdf;500
Rol 0093   900810000300 | labels tbv 0810000300;8720195286363;202011726_layout_3.pdf;500
Rol 0094   900810000300 | labels tbv 0810000300;8720195286363;202011726_layout_3.pdf;500
Rol 0095   900810000300 | labels tbv 0810000300;8720195286363;202011726_layout_3.pdf;500
Rol 0096   900810000300 | labels tbv 0810000300;8720195286363;202011726_layout_3.pdf;500
Rol 0097   900810000300 | labels tbv 0810000300;8720195286363;202011726_layout_3.pdf;500
Rol 0098   900810000300 | labels tbv 0810000300;8720195286363;202011726_layout_3.pdf;500
Rol 0099   900810000300 | labels tbv 0810000300;8720195286363;202011726_layout_3.pdf;500
Rol 0100   900810000300 | labels tbv 0810000300;8720195286363;202011726_layout_3.pdf;500
Rol 0101   900810000300 | labels tbv 0810000300;8720195286363;202011726_layout_3.pdf;500
Rol 0102   900810000300 | labels tbv 0810000300;8720195286363;202011726_layout_3.pdf;500
Rol 0103   900810000300 | labels tbv 0810000300;8720195286363;202011726_layout_3.pdf;500
Rol 0104   900810000300 | labels tbv 0810000300;8720195286363;202011726_layout_3.pdf;500
Rol 0105   900810000300 | labels tbv 0810000300;8720195286363;202011726_layout_3.pdf;500
Rol 0106   900810000300 | labels tbv 0810000300;8720195286363;202011726_layout_3.pdf;500
Rol 0107   900810000300 | labels tbv 0810000300;8720195286363;202011726_layout_3.pdf;500
Rol 0108   900810000300 | labels tbv 0810000300;8720195286363;202011726_layout_3.pdf;500
Rol 0109   900810000400 | labels tbv 0810000400;8720195286370;202011726_layout_4.pdf;500
Rol 0110   900810000400 | labels tbv 0810000400;8720195286370;202011726_layout_4.pdf;500
Rol 0111   900810000400 | labels tbv 0810000400;8720195286370;202011726_layout_4.pdf;500
Rol 0112   900810000400 | labels tbv 0810000400;8720195286370;202011726_layout_4.pdf;500
Rol 0113   900810000500 | labels tbv 0810000500;8720195286387;202011726_layout_5.pdf;500
Rol 0114   900810000500 | labels tbv 0810000500;8720195286387;202011726_layout_5.pdf;500
Rol 0115   900810000500 | labels tbv 0810000500;8720195286387;202011726_layout_5.pdf;500
Rol 0116   900810000500 | labels tbv 0810000500;8720195286387;202011726_layout_5.pdf;500
Rol 0117   900810000500 | labels tbv 0810000500;8720195286387;202011726_layout_5.pdf;500
Rol 0118   900810000500 | labels tbv 0810000500;8720195286387;202011726_layout_5.pdf;500
Rol 0119   900810000500 | labels tbv 0810000500;8720195286387;202011726_layout_5.pdf;500
Rol 0120   900810000500 | labels tbv 0810000500;8720195286387;202011726_layout_5.pdf;500
Rol 0121   900810000500 | labels tbv 0810000500;8720195286387;202011726_layout_5.pdf;500
Rol 0122   900810000500 | labels tbv 0810000500;8720195286387;202011726_layout_5.pdf;500
Rol 0123   900810000500 | labels tbv 0810000500;8720195286387;202011726_layout_5.pdf;500
Rol 0124   900810000500 | labels tbv 0810000500;8720195286387;202011726_layout_5.pdf;500
Rol 0125   900810000500 | labels tbv 0810000500;8720195286387;202011726_layout_5.pdf;500
Rol 0126   900810000500 | labels tbv 0810000500;8720195286387;202011726_layout_5.pdf;500
Rol 0127   900810000600 | labels tbv 0810000600;8720195286394;202011726_layout_6.pdf;500
Rol 0128   900810000600 | labels tbv 0810000600;8720195286394;202011726_layout_6.pdf;500
Rol 0129   900810000600 | labels tbv 0810000600;8720195286394;202011726_layout_6.pdf;500
Rol 0130   900810000600 | labels tbv 0810000600;8720195286394;202011726_layout_6.pdf;500
Rol 0131   900810000600 | labels tbv 0810000600;8720195286394;202011726_layout_6.pdf;500
Rol 0132   900810000600 | labels tbv 0810000600;8720195286394;202011726_layout_6.pdf;500
Rol 0133   900810000600 | labels tbv 0810000600;8720195286394;202011726_layout_6.pdf;500
Rol 0134   900810000600 | labels tbv 0810000600;8720195286394;202011726_layout_6.pdf;500
Rol 0135   900810000600 | labels tbv 0810000600;8720195286394;202011726_layout_6.pdf;500
Rol 0136   900810000600 | labels tbv 0810000600;8720195286394;202011726_layout_6.pdf;500
Rol 0137   900810000600 | labels tbv 0810000600;8720195286394;202011726_layout_6.pdf;500
Rol 0138   900810000600 | labels tbv 0810000600;8720195286394;202011726_layout_6.pdf;500
Rol 0139   900810000600 | labels tbv 0810000600;8720195286394;202011726_layout_6.pdf;500
Rol 0140   900810000600 | labels tbv 0810000600;8720195286394;202011726_layout_6.pdf;500
Rol 0141   900810000600 | labels tbv 0810000600;8720195286394;202011726_layout_6.pdf;500
Rol 0142   900810000600 | labels tbv 0810000600;8720195286394;202011726_layout_6.pdf;500
Rol 0143   900810000600 | labels tbv 0810000600;8720195286394;202011726_layout_6.pdf;500
Rol 0144   900810000600 | labels tbv 0810000600;8720195286394;202011726_layout_6.pdf;500
Rol 0145   900810000600 | labels tbv 0810000600;8720195286394;202011726_layout_6.pdf;500
Rol 0146   900810000600 | labels tbv 0810000600;8720195286394;202011726_layout_6.pdf;500
Rol 0147   900810000600 | labels tbv 0810000600;8720195286394;202011726_layout_6.pdf;500
Rol 0148   900810000600 | labels tbv 0810000600;8720195286394;202011726_layout_6.pdf;500
Rol 0149   900810000600 | labels tbv 0810000600;8720195286394;202011726_layout_6.pdf;500
Rol 0150   900810000600 | labels tbv 0810000600;8720195286394;202011726_layout_6.pdf;500
Rol 0151   900810000600 | labels tbv 0810000600;8720195286394;202011726_layout_6.pdf;500
Rol 0152   900810000600 | labels tbv 0810000600;8720195286394;202011726_layout_6.pdf;500
Rol 0153   900810000600 | labels tbv 0810000600;8720195286394;202011726_layout_6.pdf;500
Rol 0154   900810000600 | labels tbv 0810000600;8720195286394;202011726_layout_6.pdf;500
Rol 0155   900850000050 | labels tbv 0850000050;8720195286400;202011726_layout_7.pdf;500
Rol 0156   900850000050 | labels tbv 0850000050;8720195286400;202011726_layout_7.pdf;500
Rol 0157   900850000050 | labels tbv 0850000050;8720195286400;202011726_layout_7.pdf;500
Rol 0158   900850000050 | labels tbv 0850000050;8720195286400;202011726_layout_7.pdf;500
Rol 0159   900910003000 | labels tbv 0910003000;8720195286417;202011726_layout_8.pdf;500
Rol 0160   900910003000 | labels tbv 0910003000;8720195286417;202011726_layout_8.pdf;500
Rol 0161   900910003000 | labels tbv 0910003000;8720195286417;202011726_layout_8.pdf;500
Rol 0162   900910003000 | labels tbv 0910003000;8720195286417;202011726_layout_8.pdf;500
Rol 0163   900910003000 | labels tbv 0910003000;8720195286417;202011726_layout_8.pdf;500
Rol 0164   900910003000 | labels tbv 0910003000;8720195286417;202011726_layout_8.pdf;500
Rol 0165   900910005010 | labels tbv 0910005010;8720195286424;202011726_layout_9.pdf;500
Rol 0166   900910005010 | labels tbv 0910005010;8720195286424;202011726_layout_9.pdf;500
Rol 0167   900910005010 | labels tbv 0910005010;8720195286424;202011726_layout_9.pdf;500
Rol 0168   900910005010 | labels tbv 0910005010;8720195286424;202011726_layout_9.pdf;500
Rol 0169   900910005020 | labels tbv 0910005020;8720195286431;202011726_layout_10.pdf;500
Rol 0170   900910005020 | labels tbv 0910005020;8720195286431;202011726_layout_10.pdf;500
Rol 0171   900910005020 | labels tbv 0910005020;8720195286431;202011726_layout_10.pdf;500
Rol 0172   900910005020 | labels tbv 0910005020;8720195286431;202011726_layout_10.pdf;500
Rol 0173   900910005030 | labels tbv 0910005030;8720195286448;202011726_layout_11.pdf;500
Rol 0174   900910005030 | labels tbv 0910005030;8720195286448;202011726_layout_11.pdf;500
Rol 0175   900910005050 | labels tbv 0910005050;8720195286455;202011726_layout_12.pdf;500
Rol 0176   900910005050 | labels tbv 0910005050;8720195286455;202011726_layout_12.pdf;500
Rol 0177   900910006000 | labels tbv 0910006000;8720195286462;202011726_layout_13.pdf;500
Rol 0178   900910006000 | labels tbv 0910006000;8720195286462;202011726_layout_13.pdf;500
Rol 0179   900910006000 | labels tbv 0910006000;8720195286462;202011726_layout_13.pdf;500
Rol 0180   900910006000 | labels tbv 0910006000;8720195286462;202011726_layout_13.pdf;500
Rol 0181   900910006000 | labels tbv 0910006000;8720195286462;202011726_layout_13.pdf;500
Rol 0182   900910006000 | labels tbv 0910006000;8720195286462;202011726_layout_13.pdf;500
Rol 0183   900910006000 | labels tbv 0910006000;8720195286462;202011726_layout_13.pdf;500
Rol 0184   900910006000 | labels tbv 0910006000;8720195286462;202011726_layout_13.pdf;500
Rol 0185   900910006000 | labels tbv 0910006000;8720195286462;202011726_layout_13.pdf;500
Rol 0186   900910006000 | labels tbv 0910006000;8720195286462;202011726_layout_13.pdf;500
Rol 0187   900910006000 | labels tbv 0910006000;8720195286462;202011726_layout_13.pdf;500
Rol 0188   900910006000 | labels tbv 0910006000;8720195286462;202011726_layout_13.pdf;500
Rol 0189   900910006000 | labels tbv 0910006000;8720195286462;202011726_layout_13.pdf;500
Rol 0190   900910006000 | labels tbv 0910006000;8720195286462;202011726_layout_13.pdf;500
Rol 0191   900910006000 | labels tbv 0910006000;8720195286462;202011726_layout_13.pdf;500
Rol 0192   900910006000 | labels tbv 0910006000;8720195286462;202011726_layout_13.pdf;500
Rol 0193   900910006000 | labels tbv 0910006000;8720195286462;202011726_layout_13.pdf;500
Rol 0194   900910006000 | labels tbv 0910006000;8720195286462;202011726_layout_13.pdf;500
Rol 0195   900910006000 | labels tbv 0910006000;8720195286462;202011726_layout_13.pdf;500
Rol 0196   900910006000 | labels tbv 0910006000;8720195286462;202011726_layout_13.pdf;500
Rol 0197   900910006100 | labels tbv 0910006100;8720195286479;202011726_layout_14.pdf;500
Rol 0198   900910006100 | labels tbv 0910006100;8720195286479;202011726_layout_14.pdf;500
Rol 0199   900910006100 | labels tbv 0910006100;8720195286479;202011726_layout_14.pdf;500
Rol 0200   900910006100 | labels tbv 0910006100;8720195286479;202011726_layout_14.pdf;500
Rol 0201   900910020500 | labels tbv 0910020500;8720195286486;202011726_layout_15.pdf;500
Rol 0202   900910020500 | labels tbv 0910020500;8720195286486;202011726_layout_15.pdf;500
Rol 0203   900910020500 | labels tbv 0910020500;8720195286486;202011726_layout_15.pdf;500
Rol 0204   900910020500 | labels tbv 0910020500;8720195286486;202011726_layout_15.pdf;500
Rol 0205   900910020500 | labels tbv 0910020500;8720195286486;202011726_layout_15.pdf;500
Rol 0206   900910020500 | labels tbv 0910020500;8720195286486;202011726_layout_15.pdf;500
Rol 0207   900910020501 | labels tbv 0910020501;8720195286493;202011726_layout_16.pdf;500
Rol 0208   900910020501 | labels tbv 0910020501;8720195286493;202011726_layout_16.pdf;500
Rol 0209   900990003000 | labels tbv 0990003000;8720195286509;202011726_layout_17.pdf;500
Rol 0210   900990003000 | labels tbv 0990003000;8720195286509;202011726_layout_17.pdf;500
Rol 0211   900990003000 | labels tbv 0990003000;8720195286509;202011726_layout_17.pdf;500
Rol 0212   900990003000 | labels tbv 0990003000;8720195286509;202011726_layout_17.pdf;500
Rol 0213   900990004000 | labels tbv 0990004000;8720195286516;202011726_layout_18.pdf;500
Rol 0214   900990004000 | labels tbv 0990004000;8720195286516;202011726_layout_18.pdf;500
Rol 0215   900990005010 | labels tbv 0990005010;8720195286523;202011726_layout_19.pdf;500
Rol 0216   900990005010 | labels tbv 0990005010;8720195286523;202011726_layout_19.pdf;500
Rol 0217   900990005010 | labels tbv 0990005010;8720195286523;202011726_layout_19.pdf;500
Rol 0218   900990005010 | labels tbv 0990005010;8720195286523;202011726_layout_19.pdf;500
Rol 0219   900990005010 | labels tbv 0990005010;8720195286523;202011726_layout_19.pdf;500
Rol 0220   900990005010 | labels tbv 0990005010;8720195286523;202011726_layout_19.pdf;500
Rol 0221   900990005010 | labels tbv 0990005010;8720195286523;202011726_layout_19.pdf;500
Rol 0222   900990005010 | labels tbv 0990005010;8720195286523;202011726_layout_19.pdf;500
Rol 0223   900990005020 | labels tbv 0990005020;8720195286530;202011726_layout_20.pdf;500
Rol 0224   900990005020 | labels tbv 0990005020;8720195286530;202011726_layout_20.pdf;500
Rol 0225   900990005020 | labels tbv 0990005020;8720195286530;202011726_layout_20.pdf;500
Rol 0226   900990005020 | labels tbv 0990005020;8720195286530;202011726_layout_20.pdf;500
Rol 0227   900990005020 | labels tbv 0990005020;8720195286530;202011726_layout_20.pdf;500
Rol 0228   900990005020 | labels tbv 0990005020;8720195286530;202011726_layout_20.pdf;500
Rol 0229   900990005030 | labels tbv 0990005030;8720195286547;202011726_layout_21.pdf;500
Rol 0230   900990005030 | labels tbv 0990005030;8720195286547;202011726_layout_21.pdf;500
Rol 0231   900990005030 | labels tbv 0990005030;8720195286547;202011726_layout_21.pdf;500
Rol 0232   900990005030 | labels tbv 0990005030;8720195286547;202011726_layout_21.pdf;500
Rol 0233   900990005030 | labels tbv 0990005030;8720195286547;202011726_layout_21.pdf;500
Rol 0234   900990005030 | labels tbv 0990005030;8720195286547;202011726_layout_21.pdf;500
Rol 0235   900990005050 | labels tbv 0990005050;8720195286554;202011726_layout_22.pdf;500
Rol 0236   900990005050 | labels tbv 0990005050;8720195286554;202011726_layout_22.pdf;500
Rol 0237   900990005050 | labels tbv 0990005050;8720195286554;202011726_layout_22.pdf;500
Rol 0238   900990005050 | labels tbv 0990005050;8720195286554;202011726_layout_22.pdf;500
Rol 0239   900990005060 | labels tbv 0990005060;8720195286561;202011726_layout_23.pdf;500
Rol 0240   900990005060 | labels tbv 0990005060;8720195286561;202011726_layout_23.pdf;500
Rol 0241   900990005070 | labels tbv 0990005070;8720195286578;202011726_layout_24.pdf;500
Rol 0242   900990005070 | labels tbv 0990005070;8720195286578;202011726_layout_24.pdf;500
Rol 0243   900990006000 | labels tbv 0990006000;8720195286585;202011726_layout_25.pdf;500
Rol 0244   900990006000 | labels tbv 0990006000;8720195286585;202011726_layout_25.pdf;500
Rol 0245   900990006000 | labels tbv 0990006000;8720195286585;202011726_layout_25.pdf;500
Rol 0246   900990006000 | labels tbv 0990006000;8720195286585;202011726_layout_25.pdf;500
Rol 0247   900990006000 | labels tbv 0990006000;8720195286585;202011726_layout_25.pdf;500
Rol 0248   900990006000 | labels tbv 0990006000;8720195286585;202011726_layout_25.pdf;500
Rol 0249   900990006000 | labels tbv 0990006000;8720195286585;202011726_layout_25.pdf;500
Rol 0250   900990006000 | labels tbv 0990006000;8720195286585;202011726_layout_25.pdf;500
Rol 0251   900990006100 | labels tbv 0990006100;8720195286592;202011726_layout_26.pdf;500
Rol 0252   900990006100 | labels tbv 0990006100;8720195286592;202011726_layout_26.pdf;500
Rol 0253   900990006100 | labels tbv 0990006100;8720195286592;202011726_layout_26.pdf;500
Rol 0254   900990006100 | labels tbv 0990006100;8720195286592;202011726_layout_26.pdf;500
Rol 0255   900990006100 | labels tbv 0990006100;8720195286592;202011726_layout_26.pdf;500
Rol 0256   900990006100 | labels tbv 0990006100;8720195286592;202011726_layout_26.pdf;500
Rol 0257   900990006100 | labels tbv 0990006100;8720195286592;202011726_layout_26.pdf;500
Rol 0258   900990006100 | labels tbv 0990006100;8720195286592;202011726_layout_26.pdf;500
Rol 0259   900990006100 | labels tbv 0990006100;8720195286592;202011726_layout_26.pdf;500
Rol 0260   900990006100 | labels tbv 0990006100;8720195286592;202011726_layout_26.pdf;500
Rol 0261   900990006110 | labels tbv 0990006110;8720195286608;202011726_layout_27.pdf;500
Rol 0262   900990006110 | labels tbv 0990006110;8720195286608;202011726_layout_27.pdf;500
Rol 0263   900990006110 | labels tbv 0990006110;8720195286608;202011726_layout_27.pdf;500
Rol 0264   900990006110 | labels tbv 0990006110;8720195286608;202011726_layout_27.pdf;500
Rol 0265   900990006120 | labels tbv 0990006120;8720195286615;202011726_layout_28.pdf;500
Rol 0266   900990006120 | labels tbv 0990006120;8720195286615;202011726_layout_28.pdf;500
Rol 0267   900990007100 | labels tbv 0990007100;8720195286622;202011726_layout_29.pdf;500
Rol 0268   900990007100 | labels tbv 0990007100;8720195286622;202011726_layout_29.pdf;500
Rol 0269   900990007100 | labels tbv 0990007100;8720195286622;202011726_layout_29.pdf;500
Rol 0270   900990007100 | labels tbv 0990007100;8720195286622;202011726_layout_29.pdf;500
Rol 0271   900990007100 | labels tbv 0990007100;8720195286622;202011726_layout_29.pdf;500
Rol 0272   900990007100 | labels tbv 0990007100;8720195286622;202011726_layout_29.pdf;500
Rol 0273   900990007100 | labels tbv 0990007100;8720195286622;202011726_layout_29.pdf;500
Rol 0274   900990007100 | labels tbv 0990007100;8720195286622;202011726_layout_29.pdf;500
Rol 0275   900990007100 | labels tbv 0990007100;8720195286622;202011726_layout_29.pdf;500
Rol 0276   900990007100 | labels tbv 0990007100;8720195286622;202011726_layout_29.pdf;500
Rol 0277   900990007100 | labels tbv 0990007100;8720195286622;202011726_layout_29.pdf;500
Rol 0278   900990007100 | labels tbv 0990007100;8720195286622;202011726_layout_29.pdf;500
Rol 0279   900990007100 | labels tbv 0990007100;8720195286622;202011726_layout_29.pdf;500
Rol 0280   900990007100 | labels tbv 0990007100;8720195286622;202011726_layout_29.pdf;500
Rol 0281   901610000100 | labels tbv 1610000100;8720195286639;202011726_layout_30.pdf;500
Rol 0282   901610000100 | labels tbv 1610000100;8720195286639;202011726_layout_30.pdf;500
Rol 0283   901610000100 | labels tbv 1610000100;8720195286639;202011726_layout_30.pdf;500
Rol 0284   901610000100 | labels tbv 1610000100;8720195286639;202011726_layout_30.pdf;500
Rol 0285   901610000200 | labels tbv 1610000200;8720195286646;202011726_layout_31.pdf;500
Rol 0286   901610000200 | labels tbv 1610000200;8720195286646;202011726_layout_31.pdf;500
Rol 0287   901610000200 | labels tbv 1610000200;8720195286646;202011726_layout_31.pdf;500
Rol 0288   901610000200 | labels tbv 1610000200;8720195286646;202011726_layout_31.pdf;500
Rol 0289   901610000300 | labels tbv 1610000300;8720195286653;202011726_layout_32.pdf;500
Rol 0290   901610000300 | labels tbv 1610000300;8720195286653;202011726_layout_32.pdf;500
Rol 0291   901610000300 | labels tbv 1610000300;8720195286653;202011726_layout_32.pdf;500
Rol 0292   901610000300 | labels tbv 1610000300;8720195286653;202011726_layout_32.pdf;500
Rol 0293   901610000300 | labels tbv 1610000300;8720195286653;202011726_layout_32.pdf;500
Rol 0294   901610000300 | labels tbv 1610000300;8720195286653;202011726_layout_32.pdf;500
Rol 0295   901610000300 | labels tbv 1610000300;8720195286653;202011726_layout_32.pdf;500
Rol 0296   901610000300 | labels tbv 1610000300;8720195286653;202011726_layout_32.pdf;500
Rol 0297   901610000400 | labels tbv 1610000400;8720195286660;202011726_layout_33.pdf;500
Rol 0298   901610000400 | labels tbv 1610000400;8720195286660;202011726_layout_33.pdf;500
Rol 0299   901610000400 | labels tbv 1610000400;8720195286660;202011726_layout_33.pdf;500
Rol 0300   901610000400 | labels tbv 1610000400;8720195286660;202011726_layout_33.pdf;500
Rol 0301   901610000400 | labels tbv 1610000400;8720195286660;202011726_layout_33.pdf;500
Rol 0302   901610000400 | labels tbv 1610000400;8720195286660;202011726_layout_33.pdf;500
Rol 0303   901610000400 | labels tbv 1610000400;8720195286660;202011726_layout_33.pdf;500
Rol 0304   901610000400 | labels tbv 1610000400;8720195286660;202011726_layout_33.pdf;500
Rol 0305   901610000500 | labels tbv 1610000500;8720195286677;202011726_layout_34.pdf;500
Rol 0306   901610000500 | labels tbv 1610000500;8720195286677;202011726_layout_34.pdf;500
Rol 0307   901610000500 | labels tbv 1610000500;8720195286677;202011726_layout_34.pdf;500
Rol 0308   901610000500 | labels tbv 1610000500;8720195286677;202011726_layout_34.pdf;500
Rol 0309   901610000500 | labels tbv 1610000500;8720195286677;202011726_layout_34.pdf;500
Rol 0310   901610000500 | labels tbv 1610000500;8720195286677;202011726_layout_34.pdf;500
Rol 0311   901610000500 | labels tbv 1610000500;8720195286677;202011726_layout_34.pdf;500
Rol 0312   901610000500 | labels tbv 1610000500;8720195286677;202011726_layout_34.pdf;500
Rol 0313   901610000500 | labels tbv 1610000500;8720195286677;202011726_layout_34.pdf;500
Rol 0314   901610000500 | labels tbv 1610000500;8720195286677;202011726_layout_34.pdf;500
Rol 0315   901610000500 | labels tbv 1610000500;8720195286677;202011726_layout_34.pdf;500
Rol 0316   901610000500 | labels tbv 1610000500;8720195286677;202011726_layout_34.pdf;500
Rol 0317   901610000500 | labels tbv 1610000500;8720195286677;202011726_layout_34.pdf;500
Rol 0318   901610000500 | labels tbv 1610000500;8720195286677;202011726_layout_34.pdf;500
Rol 0319   901610000500 | labels tbv 1610000500;8720195286677;202011726_layout_34.pdf;500
Rol 0320   901610000500 | labels tbv 1610000500;8720195286677;202011726_layout_34.pdf;500
Rol 0321   901610000500 | labels tbv 1610000500;8720195286677;202011726_layout_34.pdf;500
Rol 0322   901610000500 | labels tbv 1610000500;8720195286677;202011726_layout_34.pdf;500
Rol 0323   901610000500 | labels tbv 1610000500;8720195286677;202011726_layout_34.pdf;500
Rol 0324   901610000500 | labels tbv 1610000500;8720195286677;202011726_layout_34.pdf;500
Rol 0325   901610000500 | labels tbv 1610000500;8720195286677;202011726_layout_34.pdf;500
Rol 0326   901610000500 | labels tbv 1610000500;8720195286677;202011726_layout_34.pdf;500
Rol 0327   901610000500 | labels tbv 1610000500;8720195286677;202011726_layout_34.pdf;500
Rol 0328   901610000500 | labels tbv 1610000500;8720195286677;202011726_layout_34.pdf;500
Rol 0329   901610000600 | labels tbv 1610000600;8720195286684;202011726_layout_35.pdf;500
Rol 0330   901610000600 | labels tbv 1610000600;8720195286684;202011726_layout_35.pdf;500
Rol 0331   901610000600 | labels tbv 1610000600;8720195286684;202011726_layout_35.pdf;500
Rol 0332   901610000600 | labels tbv 1610000600;8720195286684;202011726_layout_35.pdf;500
Rol 0333   901610000600 | labels tbv 1610000600;8720195286684;202011726_layout_35.pdf;500
Rol 0334   901610000600 | labels tbv 1610000600;8720195286684;202011726_layout_35.pdf;500
Rol 0335   901610000600 | labels tbv 1610000600;8720195286684;202011726_layout_35.pdf;500
Rol 0336   901610000600 | labels tbv 1610000600;8720195286684;202011726_layout_35.pdf;500
Rol 0337   901610000600 | labels tbv 1610000600;8720195286684;202011726_layout_35.pdf;500
Rol 0338   901610000600 | labels tbv 1610000600;8720195286684;202011726_layout_35.pdf;500
Rol 0339   901610000600 | labels tbv 1610000600;8720195286684;202011726_layout_35.pdf;500
Rol 0340   901610000600 | labels tbv 1610000600;8720195286684;202011726_layout_35.pdf;500
Rol 0341   901610000600 | labels tbv 1610000600;8720195286684;202011726_layout_35.pdf;500
Rol 0342   901610000600 | labels tbv 1610000600;8720195286684;202011726_layout_35.pdf;500
Rol 0343   901610000900 | labels tbv 1610000900;8720195286691;202011726_layout_36.pdf;500
Rol 0344   901610000900 | labels tbv 1610000900;8720195286691;202011726_layout_36.pdf;500
Rol 0345   901610000900 | labels tbv 1610000900;8720195286691;202011726_layout_36.pdf;500
Rol 0346   901610000900 | labels tbv 1610000900;8720195286691;202011726_layout_36.pdf;500
Rol 0347   901610001000 | labels tbv 1610001000;8720195286707;202011726_layout_37.pdf;500
Rol 0348   901610001000 | labels tbv 1610001000;8720195286707;202011726_layout_37.pdf;500
Rol 0349   901610001000 | labels tbv 1610001000;8720195286707;202011726_layout_37.pdf;500
Rol 0350   901610001000 | labels tbv 1610001000;8720195286707;202011726_layout_37.pdf;500
Rol 0351   901610001100 | labels tbv 1610001100;8720195286714;202011726_layout_38.pdf;500
Rol 0352   901610001100 | labels tbv 1610001100;8720195286714;202011726_layout_38.pdf;500
Rol 0353   901610001100 | labels tbv 1610001100;8720195286714;202011726_layout_38.pdf;500
Rol 0354   901610001100 | labels tbv 1610001100;8720195286714;202011726_layout_38.pdf;500
Rol 0355   901610001200 | labels tbv 1610001200;8720195286721;202011726_layout_39.pdf;500
Rol 0356   901610001200 | labels tbv 1610001200;8720195286721;202011726_layout_39.pdf;500
Rol 0357   901610001200 | labels tbv 1610001200;8720195286721;202011726_layout_39.pdf;500
Rol 0358   901610001200 | labels tbv 1610001200;8720195286721;202011726_layout_39.pdf;500
Rol 0359   901610001300 | labels tbv 1610001300;8720195286738;202011726_layout_40.pdf;500
Rol 0360   901610001300 | labels tbv 1610001300;8720195286738;202011726_layout_40.pdf;500
Rol 0361   901610001300 | labels tbv 1610001300;8720195286738;202011726_layout_40.pdf;500
Rol 0362   901610001300 | labels tbv 1610001300;8720195286738;202011726_layout_40.pdf;500
Rol 0363   901610001400 | labels tbv 1610001400;8720195286745;202011726_layout_41.pdf;500
Rol 0364   901610001400 | labels tbv 1610001400;8720195286745;202011726_layout_41.pdf;500
Rol 0365   901610001400 | labels tbv 1610001400;8720195286745;202011726_layout_41.pdf;500
Rol 0366   901610001400 | labels tbv 1610001400;8720195286745;202011726_layout_41.pdf;500
Rol 0367   901610003300 | labels tbv 1610003300;8720195286752;202011726_layout_42.pdf;500
Rol 0368   901610003300 | labels tbv 1610003300;8720195286752;202011726_layout_42.pdf;500
Rol 0369   901610003300 | labels tbv 1610003300;8720195286752;202011726_layout_42.pdf;500
Rol 0370   901610003300 | labels tbv 1610003300;8720195286752;202011726_layout_42.pdf;500
Rol 0371   901610003400 | labels tbv 1610003400;8720195286769;202011726_layout_43.pdf;500
Rol 0372   901610003400 | labels tbv 1610003400;8720195286769;202011726_layout_43.pdf;500
Rol 0373   901610003400 | labels tbv 1610003400;8720195286769;202011726_layout_43.pdf;500
Rol 0374   901610003400 | labels tbv 1610003400;8720195286769;202011726_layout_43.pdf;500
Rol 0375   901610003500 | labels tbv 1610003500;8720195286776;202011726_layout_44.pdf;500
Rol 0376   901610003500 | labels tbv 1610003500;8720195286776;202011726_layout_44.pdf;500
Rol 0377   901610003500 | labels tbv 1610003500;8720195286776;202011726_layout_44.pdf;500
Rol 0378   901610003500 | labels tbv 1610003500;8720195286776;202011726_layout_44.pdf;500
Rol 0379   901610003500 | labels tbv 1610003500;8720195286776;202011726_layout_44.pdf;500
Rol 0380   901610003500 | labels tbv 1610003500;8720195286776;202011726_layout_44.pdf;500
Rol 0381   901610003600 | labels tbv 1610003600;8720195286783;202011726_layout_45.pdf;500
Rol 0382   901610003600 | labels tbv 1610003600;8720195286783;202011726_layout_45.pdf;500
Rol 0383   901610003600 | labels tbv 1610003600;8720195286783;202011726_layout_45.pdf;500
Rol 0384   901610003600 | labels tbv 1610003600;8720195286783;202011726_layout_45.pdf;500
Rol 0385   901610003600 | labels tbv 1610003600;8720195286783;202011726_layout_45.pdf;500
Rol 0386   901610003600 | labels tbv 1610003600;8720195286783;202011726_layout_45.pdf;500
Rol 0387   901610004000 | labels tbv 1610004000;8720195286790;202011726_layout_46.pdf;500
Rol 0388   901610004000 | labels tbv 1610004000;8720195286790;202011726_layout_46.pdf;500
Rol 0389   901610004000 | labels tbv 1610004000;8720195286790;202011726_layout_46.pdf;500
Rol 0390   901610004000 | labels tbv 1610004000;8720195286790;202011726_layout_46.pdf;500
Rol 0391   901610004000 | labels tbv 1610004000;8720195286790;202011726_layout_46.pdf;500
Rol 0392   901610004000 | labels tbv 1610004000;8720195286790;202011726_layout_46.pdf;500
Rol 0393   901610004000 | labels tbv 1610004000;8720195286790;202011726_layout_46.pdf;500
Rol 0394   901610004000 | labels tbv 1610004000;8720195286790;202011726_layout_46.pdf;500
Rol 0395   901610004000 | labels tbv 1610004000;8720195286790;202011726_layout_46.pdf;500
Rol 0396   901610004000 | labels tbv 1610004000;8720195286790;202011726_layout_46.pdf;500
Rol 0397   901610004000 | labels tbv 1610004000;8720195286790;202011726_layout_46.pdf;500
Rol 0398   901610004000 | labels tbv 1610004000;8720195286790;202011726_layout_46.pdf;500
Rol 0399   901610004000 | labels tbv 1610004000;8720195286790;202011726_layout_46.pdf;500
Rol 0400   901610004000 | labels tbv 1610004000;8720195286790;202011726_layout_46.pdf;500
Rol 0401   901610004000 | labels tbv 1610004000;8720195286790;202011726_layout_46.pdf;500
Rol 0402   901610004000 | labels tbv 1610004000;8720195286790;202011726_layout_46.pdf;500
Rol 0403   901610004000 | labels tbv 1610004000;8720195286790;202011726_layout_46.pdf;500
Rol 0404   901610004000 | labels tbv 1610004000;8720195286790;202011726_layout_46.pdf;500
Rol 0405   901610004100 | labels tbv 1610004100;8720195286806;202011726_layout_47.pdf;500
Rol 0406   901610004100 | labels tbv 1610004100;8720195286806;202011726_layout_47.pdf;500
Rol 0407   901610004100 | labels tbv 1610004100;8720195286806;202011726_layout_47.pdf;500
Rol 0408   901610004100 | labels tbv 1610004100;8720195286806;202011726_layout_47.pdf;500
Rol 0409   901610004100 | labels tbv 1610004100;8720195286806;202011726_layout_47.pdf;500
Rol 0410   901610004100 | labels tbv 1610004100;8720195286806;202011726_layout_47.pdf;500
Rol 0411   901610004100 | labels tbv 1610004100;8720195286806;202011726_layout_47.pdf;500
Rol 0412   901610004100 | labels tbv 1610004100;8720195286806;202011726_layout_47.pdf;500
Rol 0413   901620000040 | labels tbv 1620000040;8720195286813;202011726_layout_48.pdf;500
Rol 0414   901620000040 | labels tbv 1620000040;8720195286813;202011726_layout_48.pdf;500
Rol 0415   901620000040 | labels tbv 1620000040;8720195286813;202011726_layout_48.pdf;500
Rol 0416   901620000040 | labels tbv 1620000040;8720195286813;202011726_layout_48.pdf;500
Rol 0417   901620000050 | labels tbv 1620000050;8720195286820;202011726_layout_49.pdf;500
Rol 0418   901620000050 | labels tbv 1620000050;8720195286820;202011726_layout_49.pdf;500
Rol 0419   901620000050 | labels tbv 1620000050;8720195286820;202011726_layout_49.pdf;500
Rol 0420   901620000050 | labels tbv 1620000050;8720195286820;202011726_layout_49.pdf;500
Rol 0421   901620000100 | labels tbv 1620000100;8720195286837;202011726_layout_50.pdf;500
Rol 0422   901620000100 | labels tbv 1620000100;8720195286837;202011726_layout_50.pdf;500
Rol 0423   901620000100 | labels tbv 1620000100;8720195286837;202011726_layout_50.pdf;500
Rol 0424   901620000100 | labels tbv 1620000100;8720195286837;202011726_layout_50.pdf;500
Rol 0425   901620000100 | labels tbv 1620000100;8720195286837;202011726_layout_50.pdf;500
Rol 0426   901620000100 | labels tbv 1620000100;8720195286837;202011726_layout_50.pdf;500
Rol 0427   901620000100 | labels tbv 1620000100;8720195286837;202011726_layout_50.pdf;500
Rol 0428   901620000100 | labels tbv 1620000100;8720195286837;202011726_layout_50.pdf;500
Rol 0429   901620000150 | labels tbv 1620000150;8720195286844;202011726_layout_51.pdf;500
Rol 0430   901620000150 | labels tbv 1620000150;8720195286844;202011726_layout_51.pdf;500
Rol 0431   901620000150 | labels tbv 1620000150;8720195286844;202011726_layout_51.pdf;500
Rol 0432   901620000150 | labels tbv 1620000150;8720195286844;202011726_layout_51.pdf;500
Rol 0433   901620000150 | labels tbv 1620000150;8720195286844;202011726_layout_51.pdf;500
Rol 0434   901620000150 | labels tbv 1620000150;8720195286844;202011726_layout_51.pdf;500
Rol 0435   901620000150 | labels tbv 1620000150;8720195286844;202011726_layout_51.pdf;500
Rol 0436   901620000150 | labels tbv 1620000150;8720195286844;202011726_layout_51.pdf;500
Rol 0437   901620000150 | labels tbv 1620000150;8720195286844;202011726_layout_51.pdf;500
Rol 0438   901620000150 | labels tbv 1620000150;8720195286844;202011726_layout_51.pdf;500
Rol 0439   901620000150 | labels tbv 1620000150;8720195286844;202011726_layout_51.pdf;500
Rol 0440   901620000150 | labels tbv 1620000150;8720195286844;202011726_layout_51.pdf;500
Rol 0441   901620000150 | labels tbv 1620000150;8720195286844;202011726_layout_51.pdf;500
Rol 0442   901620000150 | labels tbv 1620000150;8720195286844;202011726_layout_51.pdf;500
Rol 0443   901620000175 | labels tbv 1620000175;8720195286851;202011726_layout_52.pdf;500
Rol 0444   901620000175 | labels tbv 1620000175;8720195286851;202011726_layout_52.pdf;500
Rol 0445   901620000175 | labels tbv 1620000175;8720195286851;202011726_layout_52.pdf;500
Rol 0446   901620000175 | labels tbv 1620000175;8720195286851;202011726_layout_52.pdf;500
Rol 0447   901620000200 | labels tbv 1620000200;8720195286868;202011726_layout_53.pdf;500
Rol 0448   901620000200 | labels tbv 1620000200;8720195286868;202011726_layout_53.pdf;500
Rol 0449   901620000200 | labels tbv 1620000200;8720195286868;202011726_layout_53.pdf;500
Rol 0450   901620000200 | labels tbv 1620000200;8720195286868;202011726_layout_53.pdf;500
Rol 0451   901620000200 | labels tbv 1620000200;8720195286868;202011726_layout_53.pdf;500
Rol 0452   901620000200 | labels tbv 1620000200;8720195286868;202011726_layout_53.pdf;500
Rol 0453   901620000200 | labels tbv 1620000200;8720195286868;202011726_layout_53.pdf;500
Rol 0454   901620000200 | labels tbv 1620000200;8720195286868;202011726_layout_53.pdf;500
Rol 0455   901620000200 | labels tbv 1620000200;8720195286868;202011726_layout_53.pdf;500
Rol 0456   901620000200 | labels tbv 1620000200;8720195286868;202011726_layout_53.pdf;500
Rol 0457   901620000200 | labels tbv 1620000200;8720195286868;202011726_layout_53.pdf;500
Rol 0458   901620000200 | labels tbv 1620000200;8720195286868;202011726_layout_53.pdf;500
Rol 0459   901620000200 | labels tbv 1620000200;8720195286868;202011726_layout_53.pdf;500
Rol 0460   901620000200 | labels tbv 1620000200;8720195286868;202011726_layout_53.pdf;500
Rol 0461   901620000200 | labels tbv 1620000200;8720195286868;202011726_layout_53.pdf;500
Rol 0462   901620000200 | labels tbv 1620000200;8720195286868;202011726_layout_53.pdf;500
Rol 0463   901620000200 | labels tbv 1620000200;8720195286868;202011726_layout_53.pdf;500
Rol 0464   901620000200 | labels tbv 1620000200;8720195286868;202011726_layout_53.pdf;500
Rol 0465   901620000200 | labels tbv 1620000200;8720195286868;202011726_layout_53.pdf;500
Rol 0466   901620000200 | labels tbv 1620000200;8720195286868;202011726_layout_53.pdf;500
Rol 0467   901620000200 | labels tbv 1620000200;8720195286868;202011726_layout_53.pdf;500
Rol 0468   901620000200 | labels tbv 1620000200;8720195286868;202011726_layout_53.pdf;500
Rol 0469   901620000200 | labels tbv 1620000200;8720195286868;202011726_layout_53.pdf;500
Rol 0470   901620000200 | labels tbv 1620000200;8720195286868;202011726_layout_53.pdf;500
Rol 0471   901620000200 | labels tbv 1620000200;8720195286868;202011726_layout_53.pdf;500
Rol 0472   901620000200 | labels tbv 1620000200;8720195286868;202011726_layout_53.pdf;500
Rol 0473   901620000200 | labels tbv 1620000200;8720195286868;202011726_layout_53.pdf;500
Rol 0474   901620000200 | labels tbv 1620000200;8720195286868;202011726_layout_53.pdf;500
Rol 0475   901620000200 | labels tbv 1620000200;8720195286868;202011726_layout_53.pdf;500
Rol 0476   901620000200 | labels tbv 1620000200;8720195286868;202011726_layout_53.pdf;500
Rol 0477   901620000200 | labels tbv 1620000200;8720195286868;202011726_layout_53.pdf;500
Rol 0478   901620000200 | labels tbv 1620000200;8720195286868;202011726_layout_53.pdf;500
Rol 0479   901620000200 | labels tbv 1620000200;8720195286868;202011726_layout_53.pdf;500
Rol 0480   901620000200 | labels tbv 1620000200;8720195286868;202011726_layout_53.pdf;500
Rol 0481   901620000200 | labels tbv 1620000200;8720195286868;202011726_layout_53.pdf;500
Rol 0482   901620000200 | labels tbv 1620000200;8720195286868;202011726_layout_53.pdf;500
Rol 0483   901620000200 | labels tbv 1620000200;8720195286868;202011726_layout_53.pdf;500
Rol 0484   901620000200 | labels tbv 1620000200;8720195286868;202011726_layout_53.pdf;500
Rol 0485   901620000200 | labels tbv 1620000200;8720195286868;202011726_layout_53.pdf;500
Rol 0486   901620000200 | labels tbv 1620000200;8720195286868;202011726_layout_53.pdf;500
Rol 0487   901620000200 | labels tbv 1620000200;8720195286868;202011726_layout_53.pdf;500
Rol 0488   901620000200 | labels tbv 1620000200;8720195286868;202011726_layout_53.pdf;500
Rol 0489   901620000200 | labels tbv 1620000200;8720195286868;202011726_layout_53.pdf;500
Rol 0490   901620000200 | labels tbv 1620000200;8720195286868;202011726_layout_53.pdf;500
Rol 0491   901620000200 | labels tbv 1620000200;8720195286868;202011726_layout_53.pdf;500
Rol 0492   901620000200 | labels tbv 1620000200;8720195286868;202011726_layout_53.pdf;500
Rol 0493   901620000200 | labels tbv 1620000200;8720195286868;202011726_layout_53.pdf;500
Rol 0494   901620000200 | labels tbv 1620000200;8720195286868;202011726_layout_53.pdf;500
Rol 0495   901620000200 | labels tbv 1620000200;8720195286868;202011726_layout_53.pdf;500
Rol 0496   901620000200 | labels tbv 1620000200;8720195286868;202011726_layout_53.pdf;500
Rol 0497   901620000200 | labels tbv 1620000200;8720195286868;202011726_layout_53.pdf;500
Rol 0498   901620000200 | labels tbv 1620000200;8720195286868;202011726_layout_53.pdf;500
Rol 0499   901620000200 | labels tbv 1620000200;8720195286868;202011726_layout_53.pdf;500
Rol 0500   901620000200 | labels tbv 1620000200;8720195286868;202011726_layout_53.pdf;500
Rol 0501   901620000200 | labels tbv 1620000200;8720195286868;202011726_layout_53.pdf;500
Rol 0502   901620000200 | labels tbv 1620000200;8720195286868;202011726_layout_53.pdf;500
Rol 0503   901620000250 | labels tbv 1620000250;8720195286875;202011726_layout_54.pdf;500
Rol 0504   901620000250 | labels tbv 1620000250;8720195286875;202011726_layout_54.pdf;500
Rol 0505   901620000250 | labels tbv 1620000250;8720195286875;202011726_layout_54.pdf;500
Rol 0506   901620000250 | labels tbv 1620000250;8720195286875;202011726_layout_54.pdf;500
Rol 0507   901620000250 | labels tbv 1620000250;8720195286875;202011726_layout_54.pdf;500
Rol 0508   901620000250 | labels tbv 1620000250;8720195286875;202011726_layout_54.pdf;500
Rol 0509   901620000250 | labels tbv 1620000250;8720195286875;202011726_layout_54.pdf;500
Rol 0510   901620000250 | labels tbv 1620000250;8720195286875;202011726_layout_54.pdf;500
Rol 0511   901620000250 | labels tbv 1620000250;8720195286875;202011726_layout_54.pdf;500
Rol 0512   901620000250 | labels tbv 1620000250;8720195286875;202011726_layout_54.pdf;500
Rol 0513   901620000250 | labels tbv 1620000250;8720195286875;202011726_layout_54.pdf;500
Rol 0514   901620000250 | labels tbv 1620000250;8720195286875;202011726_layout_54.pdf;500
Rol 0515   901620000250 | labels tbv 1620000250;8720195286875;202011726_layout_54.pdf;500
Rol 0516   901620000250 | labels tbv 1620000250;8720195286875;202011726_layout_54.pdf;500
Rol 0517   901620000250 | labels tbv 1620000250;8720195286875;202011726_layout_54.pdf;500
Rol 0518   901620000250 | labels tbv 1620000250;8720195286875;202011726_layout_54.pdf;500
Rol 0519   901620000250 | labels tbv 1620000250;8720195286875;202011726_layout_54.pdf;500
Rol 0520   901620000250 | labels tbv 1620000250;8720195286875;202011726_layout_54.pdf;500
Rol 0521   901620000250 | labels tbv 1620000250;8720195286875;202011726_layout_54.pdf;500
Rol 0522   901620000250 | labels tbv 1620000250;8720195286875;202011726_layout_54.pdf;500
Rol 0523   901620000250 | labels tbv 1620000250;8720195286875;202011726_layout_54.pdf;500
Rol 0524   901620000250 | labels tbv 1620000250;8720195286875;202011726_layout_54.pdf;500
Rol 0525   901620000250 | labels tbv 1620000250;8720195286875;202011726_layout_54.pdf;500
Rol 0526   901620000250 | labels tbv 1620000250;8720195286875;202011726_layout_54.pdf;500
Rol 0527   901620000250 | labels tbv 1620000250;8720195286875;202011726_layout_54.pdf;500
Rol 0528   901620000250 | labels tbv 1620000250;8720195286875;202011726_layout_54.pdf;500
Rol 0529   901620000250 | labels tbv 1620000250;8720195286875;202011726_layout_54.pdf;500
Rol 0530   901620000250 | labels tbv 1620000250;8720195286875;202011726_layout_54.pdf;500
Rol 0531   901620000250 | labels tbv 1620000250;8720195286875;202011726_layout_54.pdf;500
Rol 0532   901620000250 | labels tbv 1620000250;8720195286875;202011726_layout_54.pdf;500
Rol 0533   901620000250 | labels tbv 1620000250;8720195286875;202011726_layout_54.pdf;500
Rol 0534   901620000250 | labels tbv 1620000250;8720195286875;202011726_layout_54.pdf;500
Rol 0535   901620000250 | labels tbv 1620000250;8720195286875;202011726_layout_54.pdf;500
Rol 0536   901620000250 | labels tbv 1620000250;8720195286875;202011726_layout_54.pdf;500
Rol 0537   901620000250 | labels tbv 1620000250;8720195286875;202011726_layout_54.pdf;500
Rol 0538   901620000250 | labels tbv 1620000250;8720195286875;202011726_layout_54.pdf;500
Rol 0539   901620000250 | labels tbv 1620000250;8720195286875;202011726_layout_54.pdf;500
Rol 0540   901620000250 | labels tbv 1620000250;8720195286875;202011726_layout_54.pdf;500
Rol 0541   901620000250 | labels tbv 1620000250;8720195286875;202011726_layout_54.pdf;500
Rol 0542   901620000250 | labels tbv 1620000250;8720195286875;202011726_layout_54.pdf;500
Rol 0543   901620000250 | labels tbv 1620000250;8720195286875;202011726_layout_54.pdf;500
Rol 0544   901620000250 | labels tbv 1620000250;8720195286875;202011726_layout_54.pdf;500
Rol 0545   901620000250 | labels tbv 1620000250;8720195286875;202011726_layout_54.pdf;500
Rol 0546   901620000250 | labels tbv 1620000250;8720195286875;202011726_layout_54.pdf;500
Rol 0547   901620000250 | labels tbv 1620000250;8720195286875;202011726_layout_54.pdf;500
Rol 0548   901620000250 | labels tbv 1620000250;8720195286875;202011726_layout_54.pdf;500
Rol 0549   901620000250 | labels tbv 1620000250;8720195286875;202011726_layout_54.pdf;500
Rol 0550   901620000250 | labels tbv 1620000250;8720195286875;202011726_layout_54.pdf;500
Rol 0551   901620000250 | labels tbv 1620000250;8720195286875;202011726_layout_54.pdf;500
Rol 0552   901620000250 | labels tbv 1620000250;8720195286875;202011726_layout_54.pdf;500
Rol 0553   901620000250 | labels tbv 1620000250;8720195286875;202011726_layout_54.pdf;500
Rol 0554   901620000250 | labels tbv 1620000250;8720195286875;202011726_layout_54.pdf;500
Rol 0555   901620000250 | labels tbv 1620000250;8720195286875;202011726_layout_54.pdf;500
Rol 0556   901620000250 | labels tbv 1620000250;8720195286875;202011726_layout_54.pdf;500
Rol 0557   901620000250 | labels tbv 1620000250;8720195286875;202011726_layout_54.pdf;500
Rol 0558   901620000250 | labels tbv 1620000250;8720195286875;202011726_layout_54.pdf;500
Rol 0559   901620000260 | labels tbv 1620000260;8720195286882;202011726_layout_55.pdf;500
Rol 0560   901620000260 | labels tbv 1620000260;8720195286882;202011726_layout_55.pdf;500
Rol 0561   901620000260 | labels tbv 1620000260;8720195286882;202011726_layout_55.pdf;500
Rol 0562   901620000260 | labels tbv 1620000260;8720195286882;202011726_layout_55.pdf;500
Rol 0563   901620000260 | labels tbv 1620000260;8720195286882;202011726_layout_55.pdf;500
Rol 0564   901620000260 | labels tbv 1620000260;8720195286882;202011726_layout_55.pdf;500
Rol 0565   901620000260 | labels tbv 1620000260;8720195286882;202011726_layout_55.pdf;500
Rol 0566   901620000260 | labels tbv 1620000260;8720195286882;202011726_layout_55.pdf;500
Rol 0567   901620000260 | labels tbv 1620000260;8720195286882;202011726_layout_55.pdf;500
Rol 0568   901620000260 | labels tbv 1620000260;8720195286882;202011726_layout_55.pdf;500
Rol 0569   901620000260 | labels tbv 1620000260;8720195286882;202011726_layout_55.pdf;500
Rol 0570   901620000260 | labels tbv 1620000260;8720195286882;202011726_layout_55.pdf;500
Rol 0571   901620000260 | labels tbv 1620000260;8720195286882;202011726_layout_55.pdf;500
Rol 0572   901620000260 | labels tbv 1620000260;8720195286882;202011726_layout_55.pdf;500
Rol 0573   901620000260 | labels tbv 1620000260;8720195286882;202011726_layout_55.pdf;500
Rol 0574   901620000260 | labels tbv 1620000260;8720195286882;202011726_layout_55.pdf;500
Rol 0575   901620000300 | labels tbv 1620000300;8720195286899;202011726_layout_56.pdf;500
Rol 0576   901620000300 | labels tbv 1620000300;8720195286899;202011726_layout_56.pdf;500
Rol 0577   901620000300 | labels tbv 1620000300;8720195286899;202011726_layout_56.pdf;500
Rol 0578   901620000300 | labels tbv 1620000300;8720195286899;202011726_layout_56.pdf;500
Rol 0579   901620000305 | labels tbv 1620000305;8720195286905;202011726_layout_57.pdf;500
Rol 0580   901620000305 | labels tbv 1620000305;8720195286905;202011726_layout_57.pdf;500
Rol 0581   901620000305 | labels tbv 1620000305;8720195286905;202011726_layout_57.pdf;500
Rol 0582   901620000305 | labels tbv 1620000305;8720195286905;202011726_layout_57.pdf;500
Rol 0583   901620000310 | labels tbv 1620000310;8720195286912;202011726_layout_58.pdf;500
Rol 0584   901620000310 | labels tbv 1620000310;8720195286912;202011726_layout_58.pdf;500
Rol 0585   901620000350 | labels tbv 1620000350;8720195286929;202011726_layout_59.pdf;500
Rol 0586   901620000350 | labels tbv 1620000350;8720195286929;202011726_layout_59.pdf;500
Rol 0587   901620000350 | labels tbv 1620000350;8720195286929;202011726_layout_59.pdf;500
Rol 0588   901620000350 | labels tbv 1620000350;8720195286929;202011726_layout_59.pdf;500
Rol 0589   901620000400 | labels tbv 1620000400;8720195286936;202011726_layout_60.pdf;500
Rol 0590   901620000400 | labels tbv 1620000400;8720195286936;202011726_layout_60.pdf;500
Rol 0591   901620000400 | labels tbv 1620000400;8720195286936;202011726_layout_60.pdf;500
Rol 0592   901620000400 | labels tbv 1620000400;8720195286936;202011726_layout_60.pdf;500
Rol 0593   901620000500 | labels tbv 1620000500;8720195286943;202011726_layout_61.pdf;500
Rol 0594   901620000500 | labels tbv 1620000500;8720195286943;202011726_layout_61.pdf;500
Rol 0595   901620000500 | labels tbv 1620000500;8720195286943;202011726_layout_61.pdf;500
Rol 0596   901620000500 | labels tbv 1620000500;8720195286943;202011726_layout_61.pdf;500
Rol 0597   901620000500 | labels tbv 1620000500;8720195286943;202011726_layout_61.pdf;500
Rol 0598   901620000500 | labels tbv 1620000500;8720195286943;202011726_layout_61.pdf;500
Rol 0599   901620000500 | labels tbv 1620000500;8720195286943;202011726_layout_61.pdf;500
Rol 0600   901620000500 | labels tbv 1620000500;8720195286943;202011726_layout_61.pdf;500
Rol 0601   901620000500 | labels tbv 1620000500;8720195286943;202011726_layout_61.pdf;500
Rol 0602   901620000500 | labels tbv 1620000500;8720195286943;202011726_layout_61.pdf;500
Rol 0603   901620000500 | labels tbv 1620000500;8720195286943;202011726_layout_61.pdf;500
Rol 0604   901620000500 | labels tbv 1620000500;8720195286943;202011726_layout_61.pdf;500
Rol 0605   901620000500 | labels tbv 1620000500;8720195286943;202011726_layout_61.pdf;500
Rol 0606   901620000500 | labels tbv 1620000500;8720195286943;202011726_layout_61.pdf;500
Rol 0607   901620000500 | labels tbv 1620000500;8720195286943;202011726_layout_61.pdf;500
Rol 0608   901620000500 | labels tbv 1620000500;8720195286943;202011726_layout_61.pdf;500
Rol 0609   901620000500 | labels tbv 1620000500;8720195286943;202011726_layout_61.pdf;500
Rol 0610   901620000500 | labels tbv 1620000500;8720195286943;202011726_layout_61.pdf;500
Rol 0611   901620000500 | labels tbv 1620000500;8720195286943;202011726_layout_61.pdf;500
Rol 0612   901620000500 | labels tbv 1620000500;8720195286943;202011726_layout_61.pdf;500
Rol 0613   901620000500 | labels tbv 1620000500;8720195286943;202011726_layout_61.pdf;500
Rol 0614   901620000500 | labels tbv 1620000500;8720195286943;202011726_layout_61.pdf;500
Rol 0615   901620000500 | labels tbv 1620000500;8720195286943;202011726_layout_61.pdf;500
Rol 0616   901620000500 | labels tbv 1620000500;8720195286943;202011726_layout_61.pdf;500
Rol 0617   901620000500 | labels tbv 1620000500;8720195286943;202011726_layout_61.pdf;500
Rol 0618   901620000500 | labels tbv 1620000500;8720195286943;202011726_layout_61.pdf;500
Rol 0619   901620000500 | labels tbv 1620000500;8720195286943;202011726_layout_61.pdf;500
Rol 0620   901620000500 | labels tbv 1620000500;8720195286943;202011726_layout_61.pdf;500
Rol 0621   901620000500 | labels tbv 1620000500;8720195286943;202011726_layout_61.pdf;500
Rol 0622   901620000500 | labels tbv 1620000500;8720195286943;202011726_layout_61.pdf;500
Rol 0623   901620000500 | labels tbv 1620000500;8720195286943;202011726_layout_61.pdf;500
Rol 0624   901620000500 | labels tbv 1620000500;8720195286943;202011726_layout_61.pdf;500
Rol 0625   901620000500 | labels tbv 1620000500;8720195286943;202011726_layout_61.pdf;500
Rol 0626   901620000500 | labels tbv 1620000500;8720195286943;202011726_layout_61.pdf;500
Rol 0627   901620000500 | labels tbv 1620000500;8720195286943;202011726_layout_61.pdf;500
Rol 0628   901620000500 | labels tbv 1620000500;8720195286943;202011726_layout_61.pdf;500
Rol 0629   901620000500 | labels tbv 1620000500;8720195286943;202011726_layout_61.pdf;500
Rol 0630   901620000500 | labels tbv 1620000500;8720195286943;202011726_layout_61.pdf;500
Rol 0631   901620000500 | labels tbv 1620000500;8720195286943;202011726_layout_61.pdf;500
Rol 0632   901620000500 | labels tbv 1620000500;8720195286943;202011726_layout_61.pdf;500
Rol 0633   901620000500 | labels tbv 1620000500;8720195286943;202011726_layout_61.pdf;500
Rol 0634   901620000500 | labels tbv 1620000500;8720195286943;202011726_layout_61.pdf;500
Rol 0635   901620000500 | labels tbv 1620000500;8720195286943;202011726_layout_61.pdf;500
Rol 0636   901620000500 | labels tbv 1620000500;8720195286943;202011726_layout_61.pdf;500
Rol 0637   901620000500 | labels tbv 1620000500;8720195286943;202011726_layout_61.pdf;500
Rol 0638   901620000500 | labels tbv 1620000500;8720195286943;202011726_layout_61.pdf;500
Rol 0639   901620000500 | labels tbv 1620000500;8720195286943;202011726_layout_61.pdf;500
Rol 0640   901620000500 | labels tbv 1620000500;8720195286943;202011726_layout_61.pdf;500
Rol 0641   901620000500 | labels tbv 1620000500;8720195286943;202011726_layout_61.pdf;500
Rol 0642   901620000500 | labels tbv 1620000500;8720195286943;202011726_layout_61.pdf;500
Rol 0643   901620000500 | labels tbv 1620000500;8720195286943;202011726_layout_61.pdf;500
Rol 0644   901620000500 | labels tbv 1620000500;8720195286943;202011726_layout_61.pdf;500
Rol 0645   901620000500 | labels tbv 1620000500;8720195286943;202011726_layout_61.pdf;500
Rol 0646   901620000500 | labels tbv 1620000500;8720195286943;202011726_layout_61.pdf;500
Rol 0647   901620000500 | labels tbv 1620000500;8720195286943;202011726_layout_61.pdf;500
Rol 0648   901620000500 | labels tbv 1620000500;8720195286943;202011726_layout_61.pdf;500
Rol 0649   901620000500 | labels tbv 1620000500;8720195286943;202011726_layout_61.pdf;500
Rol 0650   901620000500 | labels tbv 1620000500;8720195286943;202011726_layout_61.pdf;500
Rol 0651   901620000500 | labels tbv 1620000500;8720195286943;202011726_layout_61.pdf;500
Rol 0652   901620000500 | labels tbv 1620000500;8720195286943;202011726_layout_61.pdf;500
Rol 0653   901620000500 | labels tbv 1620000500;8720195286943;202011726_layout_61.pdf;500
Rol 0654   901620000500 | labels tbv 1620000500;8720195286943;202011726_layout_61.pdf;500
Rol 0655   901620000500 | labels tbv 1620000500;8720195286943;202011726_layout_61.pdf;500
Rol 0656   901620000500 | labels tbv 1620000500;8720195286943;202011726_layout_61.pdf;500
Rol 0657   901620000500 | labels tbv 1620000500;8720195286943;202011726_layout_61.pdf;500
Rol 0658   901620000500 | labels tbv 1620000500;8720195286943;202011726_layout_61.pdf;500
Rol 0659   901620000500 | labels tbv 1620000500;8720195286943;202011726_layout_61.pdf;500
Rol 0660   901620000500 | labels tbv 1620000500;8720195286943;202011726_layout_61.pdf;500
Rol 0661   901620000500 | labels tbv 1620000500;8720195286943;202011726_layout_61.pdf;500
Rol 0662   901620000500 | labels tbv 1620000500;8720195286943;202011726_layout_61.pdf;500
Rol 0663   901620000500 | labels tbv 1620000500;8720195286943;202011726_layout_61.pdf;500
Rol 0664   901620000500 | labels tbv 1620000500;8720195286943;202011726_layout_61.pdf;500
Rol 0665   901620000500 | labels tbv 1620000500;8720195286943;202011726_layout_61.pdf;500
Rol 0666   901620000500 | labels tbv 1620000500;8720195286943;202011726_layout_61.pdf;500
Rol 0667   901620000500 | labels tbv 1620000500;8720195286943;202011726_layout_61.pdf;500
Rol 0668   901620000500 | labels tbv 1620000500;8720195286943;202011726_layout_61.pdf;500
Rol 0669   901620000550 | labels tbv 1620000550;8720195286950;202011726_layout_62.pdf;500
Rol 0670   901620000550 | labels tbv 1620000550;8720195286950;202011726_layout_62.pdf;500
Rol 0671   901620000550 | labels tbv 1620000550;8720195286950;202011726_layout_62.pdf;500
Rol 0672   901620000550 | labels tbv 1620000550;8720195286950;202011726_layout_62.pdf;500
Rol 0673   901620000600 | labels tbv 1620000600;8720195286967;202011726_layout_63.pdf;500
Rol 0674   901620000600 | labels tbv 1620000600;8720195286967;202011726_layout_63.pdf;500
Rol 0675   901620000600 | labels tbv 1620000600;8720195286967;202011726_layout_63.pdf;500
Rol 0676   901620000600 | labels tbv 1620000600;8720195286967;202011726_layout_63.pdf;500
Rol 0677   901631000200 | labels tbv 1631000200;8720195286974;202011726_layout_64.pdf;500
Rol 0678   901631000200 | labels tbv 1631000200;8720195286974;202011726_layout_64.pdf;500
Rol 0679   901631000200 | labels tbv 1631000200;8720195286974;202011726_layout_64.pdf;500
Rol 0680   901631000200 | labels tbv 1631000200;8720195286974;202011726_layout_64.pdf;500
Rol 0681   901631000200 | labels tbv 1631000200;8720195286974;202011726_layout_64.pdf;500
Rol 0682   901631000200 | labels tbv 1631000200;8720195286974;202011726_layout_64.pdf;500
Rol 0683   901631000200 | labels tbv 1631000200;8720195286974;202011726_layout_64.pdf;500
Rol 0684   901631000200 | labels tbv 1631000200;8720195286974;202011726_layout_64.pdf;500
Rol 0685   901631000200 | labels tbv 1631000200;8720195286974;202011726_layout_64.pdf;500
Rol 0686   901631000200 | labels tbv 1631000200;8720195286974;202011726_layout_64.pdf;500
Rol 0687   901631000200 | labels tbv 1631000200;8720195286974;202011726_layout_64.pdf;500
Rol 0688   901631000200 | labels tbv 1631000200;8720195286974;202011726_layout_64.pdf;500
Rol 0689   901631000200 | labels tbv 1631000200;8720195286974;202011726_layout_64.pdf;500
Rol 0690   901631000200 | labels tbv 1631000200;8720195286974;202011726_layout_64.pdf;500
Rol 0691   901631000200 | labels tbv 1631000200;8720195286974;202011726_layout_64.pdf;500
Rol 0692   901631000200 | labels tbv 1631000200;8720195286974;202011726_layout_64.pdf;500
Rol 0693   901631000200 | labels tbv 1631000200;8720195286974;202011726_layout_64.pdf;500
Rol 0694   901631000200 | labels tbv 1631000200;8720195286974;202011726_layout_64.pdf;500
Rol 0695   901631000200 | labels tbv 1631000200;8720195286974;202011726_layout_64.pdf;500
Rol 0696   901631000200 | labels tbv 1631000200;8720195286974;202011726_layout_64.pdf;500
Rol 0697   901631000200 | labels tbv 1631000200;8720195286974;202011726_layout_64.pdf;500
Rol 0698   901631000200 | labels tbv 1631000200;8720195286974;202011726_layout_64.pdf;500
Rol 0699   901631000200 | labels tbv 1631000200;8720195286974;202011726_layout_64.pdf;500
Rol 0700   901631000200 | labels tbv 1631000200;8720195286974;202011726_layout_64.pdf;500
Rol 0701   901631000200 | labels tbv 1631000200;8720195286974;202011726_layout_64.pdf;500
Rol 0702   901631000200 | labels tbv 1631000200;8720195286974;202011726_layout_64.pdf;500
Rol 0703   901631000200 | labels tbv 1631000200;8720195286974;202011726_layout_64.pdf;500
Rol 0704   901631000200 | labels tbv 1631000200;8720195286974;202011726_layout_64.pdf;500
Rol 0705   901631000200 | labels tbv 1631000200;8720195286974;202011726_layout_64.pdf;500
Rol 0706   901631000200 | labels tbv 1631000200;8720195286974;202011726_layout_64.pdf;500
Rol 0707   901631000200 | labels tbv 1631000200;8720195286974;202011726_layout_64.pdf;500
Rol 0708   901631000200 | labels tbv 1631000200;8720195286974;202011726_layout_64.pdf;500
Rol 0709   901631000200 | labels tbv 1631000200;8720195286974;202011726_layout_64.pdf;500
Rol 0710   901631000200 | labels tbv 1631000200;8720195286974;202011726_layout_64.pdf;500
Rol 0711   901631000200 | labels tbv 1631000200;8720195286974;202011726_layout_64.pdf;500
Rol 0712   901631000200 | labels tbv 1631000200;8720195286974;202011726_layout_64.pdf;500
Rol 0713   901631000200 | labels tbv 1631000200;8720195286974;202011726_layout_64.pdf;500
Rol 0714   901631000200 | labels tbv 1631000200;8720195286974;202011726_layout_64.pdf;500
Rol 0715   901631000200 | labels tbv 1631000200;8720195286974;202011726_layout_64.pdf;500
Rol 0716   901631000200 | labels tbv 1631000200;8720195286974;202011726_layout_64.pdf;500
Rol 0717   901631000200 | labels tbv 1631000200;8720195286974;202011726_layout_64.pdf;500
Rol 0718   901631000200 | labels tbv 1631000200;8720195286974;202011726_layout_64.pdf;500
Rol 0719   901631000200 | labels tbv 1631000200;8720195286974;202011726_layout_64.pdf;500
Rol 0720   901631000200 | labels tbv 1631000200;8720195286974;202011726_layout_64.pdf;500
Rol 0721   901631000200 | labels tbv 1631000200;8720195286974;202011726_layout_64.pdf;500
Rol 0722   901631000200 | labels tbv 1631000200;8720195286974;202011726_layout_64.pdf;500
Rol 0723   901631000200 | labels tbv 1631000200;8720195286974;202011726_layout_64.pdf;500
Rol 0724   901631000200 | labels tbv 1631000200;8720195286974;202011726_layout_64.pdf;500
Rol 0725   901631000200 | labels tbv 1631000200;8720195286974;202011726_layout_64.pdf;500
Rol 0726   901631000200 | labels tbv 1631000200;8720195286974;202011726_layout_64.pdf;500
Rol 0727   901631000200 | labels tbv 1631000200;8720195286974;202011726_layout_64.pdf;500
Rol 0728   901631000200 | labels tbv 1631000200;8720195286974;202011726_layout_64.pdf;500
Rol 0729   901631000200 | labels tbv 1631000200;8720195286974;202011726_layout_64.pdf;500
Rol 0730   901631000200 | labels tbv 1631000200;8720195286974;202011726_layout_64.pdf;500
Rol 0731   901631000250 | labels tbv 1631000250;8720195286981;202011726_layout_65.pdf;500
Rol 0732   901631000250 | labels tbv 1631000250;8720195286981;202011726_layout_65.pdf;500
Rol 0733   901631000250 | labels tbv 1631000250;8720195286981;202011726_layout_65.pdf;500
Rol 0734   901631000250 | labels tbv 1631000250;8720195286981;202011726_layout_65.pdf;500
Rol 0735   901631000275 | labels tbv 1631000275;8720195286998;202011726_layout_66.pdf;500
Rol 0736   901631000275 | labels tbv 1631000275;8720195286998;202011726_layout_66.pdf;500
Rol 0737   901631000275 | labels tbv 1631000275;8720195286998;202011726_layout_66.pdf;500
Rol 0738   901631000275 | labels tbv 1631000275;8720195286998;202011726_layout_66.pdf;500
Rol 0739   901631000275 | labels tbv 1631000275;8720195286998;202011726_layout_66.pdf;500
Rol 0740   901631000275 | labels tbv 1631000275;8720195286998;202011726_layout_66.pdf;500
Rol 0741   901631000275 | labels tbv 1631000275;8720195286998;202011726_layout_66.pdf;500
Rol 0742   901631000275 | labels tbv 1631000275;8720195286998;202011726_layout_66.pdf;500
Rol 0743   901631000275 | labels tbv 1631000275;8720195286998;202011726_layout_66.pdf;500
Rol 0744   901631000275 | labels tbv 1631000275;8720195286998;202011726_layout_66.pdf;500
Rol 0745   901631000275 | labels tbv 1631000275;8720195286998;202011726_layout_66.pdf;500
Rol 0746   901631000275 | labels tbv 1631000275;8720195286998;202011726_layout_66.pdf;500
Rol 0747   901631000275 | labels tbv 1631000275;8720195286998;202011726_layout_66.pdf;500
Rol 0748   901631000275 | labels tbv 1631000275;8720195286998;202011726_layout_66.pdf;500
Rol 0749   901631000300 | labels tbv 1631000300;8720195287001;202011726_layout_67.pdf;500
Rol 0750   901631000300 | labels tbv 1631000300;8720195287001;202011726_layout_67.pdf;500
Rol 0751   901631000300 | labels tbv 1631000300;8720195287001;202011726_layout_67.pdf;500
Rol 0752   901631000300 | labels tbv 1631000300;8720195287001;202011726_layout_67.pdf;500
Rol 0753   901631000300 | labels tbv 1631000300;8720195287001;202011726_layout_67.pdf;500
Rol 0754   901631000300 | labels tbv 1631000300;8720195287001;202011726_layout_67.pdf;500
Rol 0755   901631000300 | labels tbv 1631000300;8720195287001;202011726_layout_67.pdf;500
Rol 0756   901631000300 | labels tbv 1631000300;8720195287001;202011726_layout_67.pdf;500
Rol 0757   901631000375 | labels tbv 1631000375;8720195287018;202011726_layout_68.pdf;500
Rol 0758   901631000375 | labels tbv 1631000375;8720195287018;202011726_layout_68.pdf;500
Rol 0759   901631001200 | labels tbv 1631001200;8720195287025;202011726_layout_69.pdf;500
Rol 0760   901631001200 | labels tbv 1631001200;8720195287025;202011726_layout_69.pdf;500
Rol 0761   901631001200 | labels tbv 1631001200;8720195287025;202011726_layout_69.pdf;500
Rol 0762   901631001200 | labels tbv 1631001200;8720195287025;202011726_layout_69.pdf;500
Rol 0763   901631001200 | labels tbv 1631001200;8720195287025;202011726_layout_69.pdf;500
Rol 0764   901631001200 | labels tbv 1631001200;8720195287025;202011726_layout_69.pdf;500
Rol 0765   901631001200 | labels tbv 1631001200;8720195287025;202011726_layout_69.pdf;500
Rol 0766   901631001200 | labels tbv 1631001200;8720195287025;202011726_layout_69.pdf;500
Rol 0767   901631001200 | labels tbv 1631001200;8720195287025;202011726_layout_69.pdf;500
Rol 0768   901631001200 | labels tbv 1631001200;8720195287025;202011726_layout_69.pdf;500
Rol 0769   901631001200 | labels tbv 1631001200;8720195287025;202011726_layout_69.pdf;500
Rol 0770   901631001200 | labels tbv 1631001200;8720195287025;202011726_layout_69.pdf;500
Rol 0771   901631001200 | labels tbv 1631001200;8720195287025;202011726_layout_69.pdf;500
Rol 0772   901631001200 | labels tbv 1631001200;8720195287025;202011726_layout_69.pdf;500
Rol 0773   901631001200 | labels tbv 1631001200;8720195287025;202011726_layout_69.pdf;500
Rol 0774   901631001200 | labels tbv 1631001200;8720195287025;202011726_layout_69.pdf;500
Rol 0775   901631001200 | labels tbv 1631001200;8720195287025;202011726_layout_69.pdf;500
Rol 0776   901631001200 | labels tbv 1631001200;8720195287025;202011726_layout_69.pdf;500
Rol 0777   901631001200 | labels tbv 1631001200;8720195287025;202011726_layout_69.pdf;500
Rol 0778   901631001200 | labels tbv 1631001200;8720195287025;202011726_layout_69.pdf;500
Rol 0779   901631001200 | labels tbv 1631001200;8720195287025;202011726_layout_69.pdf;500
Rol 0780   901631001200 | labels tbv 1631001200;8720195287025;202011726_layout_69.pdf;500
Rol 0781   901631001200 | labels tbv 1631001200;8720195287025;202011726_layout_69.pdf;500
Rol 0782   901631001200 | labels tbv 1631001200;8720195287025;202011726_layout_69.pdf;500
Rol 0783   901631001200 | labels tbv 1631001200;8720195287025;202011726_layout_69.pdf;500
Rol 0784   901631001200 | labels tbv 1631001200;8720195287025;202011726_layout_69.pdf;500
Rol 0785   901631001200 | labels tbv 1631001200;8720195287025;202011726_layout_69.pdf;500
Rol 0786   901631001200 | labels tbv 1631001200;8720195287025;202011726_layout_69.pdf;500
Rol 0787   901631001200 | labels tbv 1631001200;8720195287025;202011726_layout_69.pdf;500
Rol 0788   901631001200 | labels tbv 1631001200;8720195287025;202011726_layout_69.pdf;500
Rol 0789   901631001200 | labels tbv 1631001200;8720195287025;202011726_layout_69.pdf;500
Rol 0790   901631001200 | labels tbv 1631001200;8720195287025;202011726_layout_69.pdf;500
Rol 0791   901631001200 | labels tbv 1631001200;8720195287025;202011726_layout_69.pdf;500
Rol 0792   901631001200 | labels tbv 1631001200;8720195287025;202011726_layout_69.pdf;500
Rol 0793   901631001200 | labels tbv 1631001200;8720195287025;202011726_layout_69.pdf;500
Rol 0794   901631001200 | labels tbv 1631001200;8720195287025;202011726_layout_69.pdf;500
Rol 0795   901631001200 | labels tbv 1631001200;8720195287025;202011726_layout_69.pdf;500
Rol 0796   901631001200 | labels tbv 1631001200;8720195287025;202011726_layout_69.pdf;500
Rol 0797   901631001200 | labels tbv 1631001200;8720195287025;202011726_layout_69.pdf;500
Rol 0798   901631001200 | labels tbv 1631001200;8720195287025;202011726_layout_69.pdf;500
Rol 0799   901631001200 | labels tbv 1631001200;8720195287025;202011726_layout_69.pdf;500
Rol 0800   901631001200 | labels tbv 1631001200;8720195287025;202011726_layout_69.pdf;500
Rol 0801   901631001200 | labels tbv 1631001200;8720195287025;202011726_layout_69.pdf;500
Rol 0802   901631001200 | labels tbv 1631001200;8720195287025;202011726_layout_69.pdf;500
Rol 0803   901631001200 | labels tbv 1631001200;8720195287025;202011726_layout_69.pdf;500
Rol 0804   901631001200 | labels tbv 1631001200;8720195287025;202011726_layout_69.pdf;500
Rol 0805   901631001200 | labels tbv 1631001200;8720195287025;202011726_layout_69.pdf;500
Rol 0806   901631001200 | labels tbv 1631001200;8720195287025;202011726_layout_69.pdf;500
Rol 0807   901631001200 | labels tbv 1631001200;8720195287025;202011726_layout_69.pdf;500
Rol 0808   901631001200 | labels tbv 1631001200;8720195287025;202011726_layout_69.pdf;500
Rol 0809   901631001200 | labels tbv 1631001200;8720195287025;202011726_layout_69.pdf;500
Rol 0810   901631001200 | labels tbv 1631001200;8720195287025;202011726_layout_69.pdf;500
Rol 0811   901631001200 | labels tbv 1631001200;8720195287025;202011726_layout_69.pdf;500
Rol 0812   901631001200 | labels tbv 1631001200;8720195287025;202011726_layout_69.pdf;500
Rol 0813   901631001200 | labels tbv 1631001200;8720195287025;202011726_layout_69.pdf;500
Rol 0814   901631001200 | labels tbv 1631001200;8720195287025;202011726_layout_69.pdf;500
Rol 0815   901631001200 | labels tbv 1631001200;8720195287025;202011726_layout_69.pdf;500
Rol 0816   901631001200 | labels tbv 1631001200;8720195287025;202011726_layout_69.pdf;500
Rol 0817   901631001200 | labels tbv 1631001200;8720195287025;202011726_layout_69.pdf;500
Rol 0818   901631001200 | labels tbv 1631001200;8720195287025;202011726_layout_69.pdf;500
Rol 0819   901631001200 | labels tbv 1631001200;8720195287025;202011726_layout_69.pdf;500
Rol 0820   901631001200 | labels tbv 1631001200;8720195287025;202011726_layout_69.pdf;500
Rol 0821   901631001200 | labels tbv 1631001200;8720195287025;202011726_layout_69.pdf;500
Rol 0822   901631001200 | labels tbv 1631001200;8720195287025;202011726_layout_69.pdf;500
Rol 0823   901631001200 | labels tbv 1631001200;8720195287025;202011726_layout_69.pdf;500
Rol 0824   901631001200 | labels tbv 1631001200;8720195287025;202011726_layout_69.pdf;500
Rol 0825   901631001200 | labels tbv 1631001200;8720195287025;202011726_layout_69.pdf;500
Rol 0826   901631001200 | labels tbv 1631001200;8720195287025;202011726_layout_69.pdf;500
Rol 0827   901631001200 | labels tbv 1631001200;8720195287025;202011726_layout_69.pdf;500
Rol 0828   901631001200 | labels tbv 1631001200;8720195287025;202011726_layout_69.pdf;500
Rol 0829   901631001200 | labels tbv 1631001200;8720195287025;202011726_layout_69.pdf;500
Rol 0830   901631001200 | labels tbv 1631001200;8720195287025;202011726_layout_69.pdf;500
Rol 0831   901631001200 | labels tbv 1631001200;8720195287025;202011726_layout_69.pdf;500
Rol 0832   901631001200 | labels tbv 1631001200;8720195287025;202011726_layout_69.pdf;500
Rol 0833   901631001200 | labels tbv 1631001200;8720195287025;202011726_layout_69.pdf;500
Rol 0834   901631001200 | labels tbv 1631001200;8720195287025;202011726_layout_69.pdf;500
Rol 0835   901631001200 | labels tbv 1631001200;8720195287025;202011726_layout_69.pdf;500
Rol 0836   901631001200 | labels tbv 1631001200;8720195287025;202011726_layout_69.pdf;500
Rol 0837   901631001200 | labels tbv 1631001200;8720195287025;202011726_layout_69.pdf;500
Rol 0838   901631001200 | labels tbv 1631001200;8720195287025;202011726_layout_69.pdf;500
Rol 0839   901631001200 | labels tbv 1631001200;8720195287025;202011726_layout_69.pdf;500
Rol 0840   901631001200 | labels tbv 1631001200;8720195287025;202011726_layout_69.pdf;500
Rol 0841   901631001200 | labels tbv 1631001200;8720195287025;202011726_layout_69.pdf;500
Rol 0842   901631001200 | labels tbv 1631001200;8720195287025;202011726_layout_69.pdf;500
Rol 0843   901631001200 | labels tbv 1631001200;8720195287025;202011726_layout_69.pdf;500
Rol 0844   901631001200 | labels tbv 1631001200;8720195287025;202011726_layout_69.pdf;500
Rol 0845   901631001200 | labels tbv 1631001200;8720195287025;202011726_layout_69.pdf;500
Rol 0846   901631001200 | labels tbv 1631001200;8720195287025;202011726_layout_69.pdf;500
Rol 0847   901631001200 | labels tbv 1631001200;8720195287025;202011726_layout_69.pdf;500
Rol 0848   901631001200 | labels tbv 1631001200;8720195287025;202011726_layout_69.pdf;500
Rol 0849   901631001200 | labels tbv 1631001200;8720195287025;202011726_layout_69.pdf;500
Rol 0850   901631001200 | labels tbv 1631001200;8720195287025;202011726_layout_69.pdf;500
Rol 0851   901631001200 | labels tbv 1631001200;8720195287025;202011726_layout_69.pdf;500
Rol 0852   901631001200 | labels tbv 1631001200;8720195287025;202011726_layout_69.pdf;500
Rol 0853   901631001200 | labels tbv 1631001200;8720195287025;202011726_layout_69.pdf;500
Rol 0854   901631001200 | labels tbv 1631001200;8720195287025;202011726_layout_69.pdf;500
Rol 0855   901631001200 | labels tbv 1631001200;8720195287025;202011726_layout_69.pdf;500
Rol 0856   901631001200 | labels tbv 1631001200;8720195287025;202011726_layout_69.pdf;500
Rol 0857   901631001200 | labels tbv 1631001200;8720195287025;202011726_layout_69.pdf;500
Rol 0858   901631001200 | labels tbv 1631001200;8720195287025;202011726_layout_69.pdf;500
Rol 0859   901631001200 | labels tbv 1631001200;8720195287025;202011726_layout_69.pdf;500
Rol 0860   901631001200 | labels tbv 1631001200;8720195287025;202011726_layout_69.pdf;500
Rol 0861   901631001200 | labels tbv 1631001200;8720195287025;202011726_layout_69.pdf;500
Rol 0862   901631001200 | labels tbv 1631001200;8720195287025;202011726_layout_69.pdf;500
Rol 0863   901631001200 | labels tbv 1631001200;8720195287025;202011726_layout_69.pdf;500
Rol 0864   901631001200 | labels tbv 1631001200;8720195287025;202011726_layout_69.pdf;500
Rol 0865   901631001200 | labels tbv 1631001200;8720195287025;202011726_layout_69.pdf;500
Rol 0866   901631001200 | labels tbv 1631001200;8720195287025;202011726_layout_69.pdf;500
Rol 0867   901631001200 | labels tbv 1631001200;8720195287025;202011726_layout_69.pdf;500
Rol 0868   901631001200 | labels tbv 1631001200;8720195287025;202011726_layout_69.pdf;500
Rol 0869   901631001200 | labels tbv 1631001200;8720195287025;202011726_layout_69.pdf;500
Rol 0870   901631001200 | labels tbv 1631001200;8720195287025;202011726_layout_69.pdf;500
Rol 0871   901631001200 | labels tbv 1631001200;8720195287025;202011726_layout_69.pdf;500
Rol 0872   901631001200 | labels tbv 1631001200;8720195287025;202011726_layout_69.pdf;500
Rol 0873   901631001200 | labels tbv 1631001200;8720195287025;202011726_layout_69.pdf;500
Rol 0874   901631001200 | labels tbv 1631001200;8720195287025;202011726_layout_69.pdf;500
Rol 0875   901631001200 | labels tbv 1631001200;8720195287025;202011726_layout_69.pdf;500
Rol 0876   901631001200 | labels tbv 1631001200;8720195287025;202011726_layout_69.pdf;500
Rol 0877   901631001200 | labels tbv 1631001200;8720195287025;202011726_layout_69.pdf;500
Rol 0878   901631001200 | labels tbv 1631001200;8720195287025;202011726_layout_69.pdf;500
Rol 0879   901631001200 | labels tbv 1631001200;8720195287025;202011726_layout_69.pdf;500
Rol 0880   901631001200 | labels tbv 1631001200;8720195287025;202011726_layout_69.pdf;500
Rol 0881   901631001200 | labels tbv 1631001200;8720195287025;202011726_layout_69.pdf;500
Rol 0882   901631001200 | labels tbv 1631001200;8720195287025;202011726_layout_69.pdf;500
Rol 0883   901631001200 | labels tbv 1631001200;8720195287025;202011726_layout_69.pdf;500
Rol 0884   901631001200 | labels tbv 1631001200;8720195287025;202011726_layout_69.pdf;500
Rol 0885   901631001200 | labels tbv 1631001200;8720195287025;202011726_layout_69.pdf;500
Rol 0886   901631001200 | labels tbv 1631001200;8720195287025;202011726_layout_69.pdf;500
Rol 0887   901631001200 | labels tbv 1631001200;8720195287025;202011726_layout_69.pdf;500
Rol 0888   901631001200 | labels tbv 1631001200;8720195287025;202011726_layout_69.pdf;500
Rol 0889   901631001200 | labels tbv 1631001200;8720195287025;202011726_layout_69.pdf;500
Rol 0890   901631001200 | labels tbv 1631001200;8720195287025;202011726_layout_69.pdf;500
Rol 0891   901631001200 | labels tbv 1631001200;8720195287025;202011726_layout_69.pdf;500
Rol 0892   901631001200 | labels tbv 1631001200;8720195287025;202011726_layout_69.pdf;500
Rol 0893   901631001200 | labels tbv 1631001200;8720195287025;202011726_layout_69.pdf;500
Rol 0894   901631001200 | labels tbv 1631001200;8720195287025;202011726_layout_69.pdf;500
Rol 0895   901631001200 | labels tbv 1631001200;8720195287025;202011726_layout_69.pdf;500
Rol 0896   901631001200 | labels tbv 1631001200;8720195287025;202011726_layout_69.pdf;500
Rol 0897   901631001200 | labels tbv 1631001200;8720195287025;202011726_layout_69.pdf;500
Rol 0898   901631001200 | labels tbv 1631001200;8720195287025;202011726_layout_69.pdf;500
Rol 0899   901631001200 | labels tbv 1631001200;8720195287025;202011726_layout_69.pdf;500
Rol 0900   901631001200 | labels tbv 1631001200;8720195287025;202011726_layout_69.pdf;500
Rol 0901   901631001200 | labels tbv 1631001200;8720195287025;202011726_layout_69.pdf;500
Rol 0902   901631001200 | labels tbv 1631001200;8720195287025;202011726_layout_69.pdf;500
Rol 0903   901631001200 | labels tbv 1631001200;8720195287025;202011726_layout_69.pdf;500
Rol 0904   901631001200 | labels tbv 1631001200;8720195287025;202011726_layout_69.pdf;500
Rol 0905   901631001200 | labels tbv 1631001200;8720195287025;202011726_layout_69.pdf;500
Rol 0906   901631001200 | labels tbv 1631001200;8720195287025;202011726_layout_69.pdf;500
Rol 0907   901631001200 | labels tbv 1631001200;8720195287025;202011726_layout_69.pdf;500
Rol 0908   901631001200 | labels tbv 1631001200;8720195287025;202011726_layout_69.pdf;500
Rol 0909   901631001200 | labels tbv 1631001200;8720195287025;202011726_layout_69.pdf;500
Rol 0910   901631001200 | labels tbv 1631001200;8720195287025;202011726_layout_69.pdf;500
Rol 0911   901631001200 | labels tbv 1631001200;8720195287025;202011726_layout_69.pdf;500
Rol 0912   901631001200 | labels tbv 1631001200;8720195287025;202011726_layout_69.pdf;500
Rol 0913   901631001200 | labels tbv 1631001200;8720195287025;202011726_layout_69.pdf;500
Rol 0914   901631001200 | labels tbv 1631001200;8720195287025;202011726_layout_69.pdf;500
Rol 0915   901631001200 | labels tbv 1631001200;8720195287025;202011726_layout_69.pdf;500
Rol 0916   901631001200 | labels tbv 1631001200;8720195287025;202011726_layout_69.pdf;500
Rol 0917   901631001200 | labels tbv 1631001200;8720195287025;202011726_layout_69.pdf;500
Rol 0918   901631001200 | labels tbv 1631001200;8720195287025;202011726_layout_69.pdf;500
Rol 0919   901631001200 | labels tbv 1631001200;8720195287025;202011726_layout_69.pdf;500
Rol 0920   901631001200 | labels tbv 1631001200;8720195287025;202011726_layout_69.pdf;500
Rol 0921   901631001300 | labels tbv 1631001300;8720195287032;202011726_layout_70.pdf;500
Rol 0922   901631001300 | labels tbv 1631001300;8720195287032;202011726_layout_70.pdf;500
Rol 0923   901631001300 | labels tbv 1631001300;8720195287032;202011726_layout_70.pdf;500
Rol 0924   901631001300 | labels tbv 1631001300;8720195287032;202011726_layout_70.pdf;500
Rol 0925   901631001300 | labels tbv 1631001300;8720195287032;202011726_layout_70.pdf;500
Rol 0926   901631001300 | labels tbv 1631001300;8720195287032;202011726_layout_70.pdf;500
Rol 0927   901631001300 | labels tbv 1631001300;8720195287032;202011726_layout_70.pdf;500
Rol 0928   901631001300 | labels tbv 1631001300;8720195287032;202011726_layout_70.pdf;500
Rol 0929   901631001300 | labels tbv 1631001300;8720195287032;202011726_layout_70.pdf;500
Rol 0930   901631001300 | labels tbv 1631001300;8720195287032;202011726_layout_70.pdf;500
Rol 0931   901631001300 | labels tbv 1631001300;8720195287032;202011726_layout_70.pdf;500
Rol 0932   901631001300 | labels tbv 1631001300;8720195287032;202011726_layout_70.pdf;500
Rol 0933   901640000200 | labels tbv 1640000200;8720195287049;202011726_layout_71.pdf;500
Rol 0934   901640000200 | labels tbv 1640000200;8720195287049;202011726_layout_71.pdf;500
Rol 0935   901640000200 | labels tbv 1640000200;8720195287049;202011726_layout_71.pdf;500
Rol 0936   901640000200 | labels tbv 1640000200;8720195287049;202011726_layout_71.pdf;500
Rol 0937   901640000200 | labels tbv 1640000200;8720195287049;202011726_layout_71.pdf;500
Rol 0938   901640000200 | labels tbv 1640000200;8720195287049;202011726_layout_71.pdf;500
Rol 0939   901640000200 | labels tbv 1640000200;8720195287049;202011726_layout_71.pdf;500
Rol 0940   901640000200 | labels tbv 1640000200;8720195287049;202011726_layout_71.pdf;500
Rol 0941   901640000200 | labels tbv 1640000200;8720195287049;202011726_layout_71.pdf;500
Rol 0942   901640000200 | labels tbv 1640000200;8720195287049;202011726_layout_71.pdf;500
Rol 0943   901640000200 | labels tbv 1640000200;8720195287049;202011726_layout_71.pdf;500
Rol 0944   901640000200 | labels tbv 1640000200;8720195287049;202011726_layout_71.pdf;500
Rol 0945   901640000200 | labels tbv 1640000200;8720195287049;202011726_layout_71.pdf;500
Rol 0946   901640000200 | labels tbv 1640000200;8720195287049;202011726_layout_71.pdf;500
Rol 0947   901640000200 | labels tbv 1640000200;8720195287049;202011726_layout_71.pdf;500
Rol 0948   901640000200 | labels tbv 1640000200;8720195287049;202011726_layout_71.pdf;500
Rol 0949   901640000200 | labels tbv 1640000200;8720195287049;202011726_layout_71.pdf;500
Rol 0950   901640000200 | labels tbv 1640000200;8720195287049;202011726_layout_71.pdf;500
Rol 0951   901640000200 | labels tbv 1640000200;8720195287049;202011726_layout_71.pdf;500
Rol 0952   901640000200 | labels tbv 1640000200;8720195287049;202011726_layout_71.pdf;500
Rol 0953   901640000200 | labels tbv 1640000200;8720195287049;202011726_layout_71.pdf;500
Rol 0954   901640000200 | labels tbv 1640000200;8720195287049;202011726_layout_71.pdf;500
Rol 0955   901640000200 | labels tbv 1640000200;8720195287049;202011726_layout_71.pdf;500
Rol 0956   901640000200 | labels tbv 1640000200;8720195287049;202011726_layout_71.pdf;500
Rol 0957   901640000200 | labels tbv 1640000200;8720195287049;202011726_layout_71.pdf;500
Rol 0958   901640000200 | labels tbv 1640000200;8720195287049;202011726_layout_71.pdf;500
Rol 0959   901640000200 | labels tbv 1640000200;8720195287049;202011726_layout_71.pdf;500
Rol 0960   901640000200 | labels tbv 1640000200;8720195287049;202011726_layout_71.pdf;500
Rol 0961   901640000301 | labels tbv 1640000301;8720195287056;202011726_layout_72.pdf;500
Rol 0962   901640000301 | labels tbv 1640000301;8720195287056;202011726_layout_72.pdf;500
Rol 0963   901640000301 | labels tbv 1640000301;8720195287056;202011726_layout_72.pdf;500
Rol 0964   901640000301 | labels tbv 1640000301;8720195287056;202011726_layout_72.pdf;500
Rol 0965   901640000700 | labels tbv 1640000700;8720195287063;202011726_layout_73.pdf;500
Rol 0966   901640000700 | labels tbv 1640000700;8720195287063;202011726_layout_73.pdf;500
Rol 0967   901640000700 | labels tbv 1640000700;8720195287063;202011726_layout_73.pdf;500
Rol 0968   901640000700 | labels tbv 1640000700;8720195287063;202011726_layout_73.pdf;500
Rol 0969   901640000875 | labels tbv 1640000875;8720195287070;202011726_layout_74.pdf;500
Rol 0970   901640000875 | labels tbv 1640000875;8720195287070;202011726_layout_74.pdf;500
Rol 0971   901640001100 | labels tbv 1640001100;8720195287087;202011726_layout_75.pdf;500
Rol 0972   901640001100 | labels tbv 1640001100;8720195287087;202011726_layout_75.pdf;500
Rol 0973   901640001100 | labels tbv 1640001100;8720195287087;202011726_layout_75.pdf;500
Rol 0974   901640001100 | labels tbv 1640001100;8720195287087;202011726_layout_75.pdf;500
Rol 0975   901640001100 | labels tbv 1640001100;8720195287087;202011726_layout_75.pdf;500
Rol 0976   901640001100 | labels tbv 1640001100;8720195287087;202011726_layout_75.pdf;500
Rol 0977   901640001100 | labels tbv 1640001100;8720195287087;202011726_layout_75.pdf;500
Rol 0978   901640001100 | labels tbv 1640001100;8720195287087;202011726_layout_75.pdf;500
Rol 0979   901640001100 | labels tbv 1640001100;8720195287087;202011726_layout_75.pdf;500
Rol 0980   901640001100 | labels tbv 1640001100;8720195287087;202011726_layout_75.pdf;500
Rol 0981   901640001100 | labels tbv 1640001100;8720195287087;202011726_layout_75.pdf;500
Rol 0982   901640001100 | labels tbv 1640001100;8720195287087;202011726_layout_75.pdf;500
Rol 0983   901640001100 | labels tbv 1640001100;8720195287087;202011726_layout_75.pdf;500
Rol 0984   901640001100 | labels tbv 1640001100;8720195287087;202011726_layout_75.pdf;500
Rol 0985   901640001100 | labels tbv 1640001100;8720195287087;202011726_layout_75.pdf;500
Rol 0986   901640001100 | labels tbv 1640001100;8720195287087;202011726_layout_75.pdf;500
Rol 0987   901640001100 | labels tbv 1640001100;8720195287087;202011726_layout_75.pdf;500
Rol 0988   901640001100 | labels tbv 1640001100;8720195287087;202011726_layout_75.pdf;500
Rol 0989   901640001100 | labels tbv 1640001100;8720195287087;202011726_layout_75.pdf;500
Rol 0990   901640001100 | labels tbv 1640001100;8720195287087;202011726_layout_75.pdf;500
Rol 0991   901640001100 | labels tbv 1640001100;8720195287087;202011726_layout_75.pdf;500
Rol 0992   901640001100 | labels tbv 1640001100;8720195287087;202011726_layout_75.pdf;500
Rol 0993   901640001100 | labels tbv 1640001100;8720195287087;202011726_layout_75.pdf;500
Rol 0994   901640001100 | labels tbv 1640001100;8720195287087;202011726_layout_75.pdf;500
Rol 0995   901640001155 | labels tbv 1640001155;8720195287094;202011726_layout_76.pdf;500
Rol 0996   901640001155 | labels tbv 1640001155;8720195287094;202011726_layout_76.pdf;500
Rol 0997   901640001155 | labels tbv 1640001155;8720195287094;202011726_layout_76.pdf;500
Rol 0998   901640001155 | labels tbv 1640001155;8720195287094;202011726_layout_76.pdf;500
Rol 0999   901660000507 | labels tbv 1660000507;8720195287100;202011726_layout_77.pdf;500
Rol 1000   901660000507 | labels tbv 1660000507;8720195287100;202011726_layout_77.pdf;500
Rol 1001   901660000510 | labels tbv 1660000510;8720195287117;202011726_layout_78.pdf;500
Rol 1002   901660000510 | labels tbv 1660000510;8720195287117;202011726_layout_78.pdf;500
Rol 1003   901660000510 | labels tbv 1660000510;8720195287117;202011726_layout_78.pdf;500
Rol 1004   901660000510 | labels tbv 1660000510;8720195287117;202011726_layout_78.pdf;500
Rol 1005   901660000510 | labels tbv 1660000510;8720195287117;202011726_layout_78.pdf;500
Rol 1006   901660000510 | labels tbv 1660000510;8720195287117;202011726_layout_78.pdf;500
Rol 1007   901660000510 | labels tbv 1660000510;8720195287117;202011726_layout_78.pdf;500
Rol 1008   901660000510 | labels tbv 1660000510;8720195287117;202011726_layout_78.pdf;500
Rol 1009   901660000520 | labels tbv 1660000520;8720195287124;202011726_layout_79.pdf;500
Rol 1010   901660000520 | labels tbv 1660000520;8720195287124;202011726_layout_79.pdf;500
Rol 1011   901660000520 | labels tbv 1660000520;8720195287124;202011726_layout_79.pdf;500
Rol 1012   901660000520 | labels tbv 1660000520;8720195287124;202011726_layout_79.pdf;500
Rol 1013   901660000520 | labels tbv 1660000520;8720195287124;202011726_layout_79.pdf;500
Rol 1014   901660000520 | labels tbv 1660000520;8720195287124;202011726_layout_79.pdf;500
Rol 1015   901660000520 | labels tbv 1660000520;8720195287124;202011726_layout_79.pdf;500
Rol 1016   901660000520 | labels tbv 1660000520;8720195287124;202011726_layout_79.pdf;500
Rol 1017   902810000155 | labels tbv 2810000155;8720195287131;202011726_layout_80.pdf;500
Rol 1018   902810000155 | labels tbv 2810000155;8720195287131;202011726_layout_80.pdf;500
Rol 1019   902810000155 | labels tbv 2810000155;8720195287131;202011726_layout_80.pdf;500
Rol 1020   902810000155 | labels tbv 2810000155;8720195287131;202011726_layout_80.pdf;500
Rol 1021   902810000155 | labels tbv 2810000155;8720195287131;202011726_layout_80.pdf;500
Rol 1022   902810000155 | labels tbv 2810000155;8720195287131;202011726_layout_80.pdf;500
Rol 1023   902810000180 | labels tbv 2810000180;8720195287148;202011726_layout_81.pdf;500
Rol 1024   902810000180 | labels tbv 2810000180;8720195287148;202011726_layout_81.pdf;500
Rol 1025   902810000180 | labels tbv 2810000180;8720195287148;202011726_layout_81.pdf;500
Rol 1026   902810000180 | labels tbv 2810000180;8720195287148;202011726_layout_81.pdf;500
Rol 1027   902810000180 | labels tbv 2810000180;8720195287148;202011726_layout_81.pdf;500
Rol 1028   902810000180 | labels tbv 2810000180;8720195287148;202011726_layout_81.pdf;500
Rol 1029   902810000180 | labels tbv 2810000180;8720195287148;202011726_layout_81.pdf;500
Rol 1030   902810000180 | labels tbv 2810000180;8720195287148;202011726_layout_81.pdf;500
Rol 1031   ;;leeg.pdf;500
Rol 1032   ;;leeg.pdf;500
